"Homeless Student Demographic Counts, by district",,,,,,,,,,,,,,,,,,,,,,,,,,,,,,,,,,,,,,,,,,,
2017-18 school year,,,,,,,,,,,,,,,,,,,,,,,,,,,,,,,,,,,,,,,,,,,
,,,,,,,,,,,,,,,,,,,,,,,,,,,,,,,,,,,,,,,,,,,
"""N<10"" refers to data that has been suppressed because the total is fewer than 10 students.",,,,,,,,,,,,,,,,,,,,,,,,,,,,,,,,,,,,,,,,,,,
School Year,District Code,District Name,District Enrollment (P-12 total),# of Identified Homeless,% of District Identified as Homeless,Homeless Males,% Homeless Male,Homeless Female,% Homeless Female,Homeless American Indian/Alaska Native,% Homeless American Indian/Alaska Native,Homeless Asian,% Homeless Asian,Homeless Black/African American,% Homeless Black/African American,Homeless Hispanic/Latino,% Homeless Hispanic/Latino,HomelessNative Hawaiian/Pacific Islander,% Homeless Native Hawaiian/Pacific Islander,Homeless 2 or More,% Homeless 2 or More,Homeless White,% Homeless White,Unaccompanied Youth,% Unaccompanied Youth,Homeless Low Income,% Homeless Low Income,Homeless Limited English,% Homeless Limited English,Homeless Migrant,% Homeless Migrant,Homeless Special Education,% Homeless Special Education,Homeless LAP,% Homeless LAP,Homeless Gifted,%Homeless Gifted,Homeless Running Start,%Homeless Running Start,"Homeless Students with a short-term suspension, long-term-suspension, or expulsion","% Students with a short-term suspension, long-term-suspension, or expulsion",% of District Identified as Homeless,
2018,14005,Aberdeen School District,4215,250,5.90%,123,49.20%,127,50.80%,21,8.40%,n<10,n<10,n<10,n<10,70,28%,0,0.00%,29,11.60%,127,50.80%,70,28.00%,250,100.00%,16,6.40%,n<10,n<10,65,26.00%,57,22.80%,n<10,n<10,n<10,n<10,29,11.60%,0.059311981,5.9
2018,21226,Adna School District,714,19,2.70%,n<10,n<10,12,63.20%,n<10,n<10,0,0.00%,0,0.00%,n<10,n<10,0,0.00%,n<10,n<10,13,68.40%,n<10,n<10,17,89.50%,0,0.00%,0,0.00%,n<10,n<10,n<10,n<10,n<10,n<10,n<10,n<10,n<10,n<10,0.026610644,2.7
2018,22017,Almira School District,125,0,0.00%,0,-,0,-,0,-,0,-,0,-,0,-,0,-,0,-,0,-,0,-,0,-,0,-,0,-,0,-,0,-,0,-,0,-,0,-,0,0
2018,29103,Anacortes School District,2993,46,1.50%,25,54.30%,21,45.70%,0,0.00%,0,0.00%,n<10,n<10,13,28%,0,0.00%,n<10,n<10,27,58.70%,n<10,n<10,45,97.80%,n<10,n<10,n<10,n<10,n<10,n<10,n<10,n<10,n<10,n<10,n<10,n<10,n<10,n<10,0.015369195,1.5
2018,31016,Arlington School District,6194,234,3.80%,108,46.20%,126,53.80%,n<10,n<10,0,0.00%,n<10,n<10,37,16%,0,0.00%,29,12.40%,158,67.50%,37,15.80%,233,99.60%,15,6.40%,n<10,n<10,58,24.80%,33,14.10%,n<10,n<10,n<10,n<10,12,5.10%,0.037778495,3.8
2018,02420,Asotin-Anatone School District,757,20,2.60%,14,70.00%,n<10,n<10,0,0.00%,0,0.00%,n<10,n<10,n<10,n<10,n<10,n<10,0,0.00%,14,70.00%,n<10,n<10,17,85.00%,0,0.00%,0,0.00%,n<10,n<10,n<10,n<10,n<10,n<10,n<10,n<10,n<10,n<10,0.026420079,2.6
2018,17408,Auburn School District,19255,382,2.00%,180,47.10%,202,52.90%,n<10,n<10,n<10,n<10,91,23.80%,96,25%,22,5.80%,62,16.20%,95,24.90%,n<10,n<10,382,100.00%,33,8.60%,n<10,n<10,68,17.80%,67,17.50%,n<10,n<10,n<10,n<10,30,7.90%,0.019839003,2
2018,18303,Bainbridge Island School District,4083,21,0.50%,16,76.20%,n<10,n<10,n<10,n<10,n<10,n<10,0,0.00%,13,62%,0,0.00%,0,0.00%,n<10,n<10,n<10,n<10,20,95.20%,n<10,n<10,0,0.00%,n<10,n<10,n<10,n<10,n<10,n<10,n<10,n<10,n<10,n<10,0.005143277,0.5
2018,27931,Bates Technical College,366,0,0.00%,0,-,0,-,0,-,0,-,0,-,0,-,0,-,0,-,0,-,0,-,0,-,0,-,0,-,0,-,0,-,0,-,0,-,0,-,0,0
2018,06119,Battle Ground School District,14976,375,2.50%,181,48.30%,194,51.70%,n<10,n<10,n<10,n<10,n<10,n<10,50,13%,n<10,n<10,37,9.90%,263,70.10%,105,28.00%,375,100.00%,24,6.40%,0,0.00%,96,25.60%,43,11.50%,n<10,n<10,n<10,n<10,37,9.90%,0.025040064,2.5
2018,17405,Bellevue School District,23150,293,1.30%,161,54.90%,132,45.10%,n<10,n<10,18,6.10%,42,14.30%,130,44%,n<10,n<10,34,11.60%,65,22.20%,48,16.40%,292,99.70%,92,31.40%,n<10,n<10,76,25.90%,30,10.20%,n<10,n<10,n<10,n<10,n<10,n<10,0.012656587,1.3
2018,37501,Bellingham School District,12923,509,3.90%,269,52.80%,240,47.20%,15,2.90%,n<10,n<10,18,3.50%,162,32%,n<10,n<10,48,9.40%,256,50.30%,139,27.30%,491,96.50%,62,12.20%,11,2.20%,136,26.70%,130,25.50%,n<10,n<10,15,2.90%,28,5.50%,0.039387139,3.9
2018,01122,Benge School District,16,0,0.00%,0,-,0,-,0,-,0,-,0,-,0,-,0,-,0,-,0,-,0,-,0,-,0,-,0,-,0,-,0,-,0,-,0,-,0,-,0,0
2018,27403,Bethel School District,22322,657,2.90%,308,46.90%,349,53.10%,15,2.30%,n<10,n<10,79,12.00%,123,19%,32,4.90%,104,15.80%,298,45.40%,149,22.70%,636,96.80%,28,4.30%,n<10,n<10,139,21.20%,147,22.40%,n<10,n<10,n<10,n<10,79,12.00%,0.029432847,2.9
2018,20203,Bickleton School District,127,0,0.00%,0,-,0,-,0,-,0,-,0,-,0,-,0,-,0,-,0,-,0,-,0,-,0,-,0,-,0,-,0,-,0,-,0,-,0,-,0,0
2018,37503,Blaine School District,2514,79,3.10%,35,44.30%,44,55.70%,n<10,n<10,n<10,n<10,n<10,n<10,10,13%,n<10,n<10,n<10,n<10,56,70.90%,12,15.20%,79,100.00%,n<10,n<10,0,0.00%,14,17.70%,64,81.00%,n<10,n<10,n<10,n<10,n<10,n<10,0.031424025,3.1
2018,21234,Boistfort School District,137,14,10.20%,n<10,n<10,n<10,n<10,0,0.00%,0,0.00%,0,0.00%,n<10,n<10,0,0.00%,0,0.00%,10,71.40%,n<10,n<10,14,100.00%,n<10,n<10,0,0.00%,n<10,n<10,n<10,n<10,n<10,n<10,n<10,n<10,n<10,n<10,0.102189781,10.2
2018,18100,Bremerton School District,6322,304,4.80%,141,46.40%,163,53.60%,n<10,n<10,n<10,n<10,22,7.20%,51,17%,15,4.90%,60,19.70%,146,48.00%,16,5.30%,300,98.70%,20,6.60%,n<10,n<10,50,16.40%,57,18.80%,n<10,n<10,n<10,n<10,27,8.90%,0.048086049,4.8
2018,24111,Brewster School District,1107,21,1.90%,n<10,n<10,15,71.40%,0,0.00%,0,0.00%,0,0.00%,19,90%,0,0.00%,0,0.00%,n<10,n<10,n<10,n<10,21,100.00%,14,66.70%,n<10,n<10,n<10,n<10,n<10,n<10,n<10,n<10,n<10,n<10,n<10,n<10,0.01897019,1.9
2018,09075,Bridgeport School District,1030,70,6.80%,37,52.90%,33,47.10%,n<10,n<10,0,0.00%,0,0.00%,58,83%,0,0.00%,0,0.00%,11,15.70%,17,24.30%,68,97.10%,33,47.10%,14,20.00%,13,18.60%,17,24.30%,n<10,n<10,n<10,n<10,n<10,n<10,0.067961165,6.8
2018,16046,Brinnon School District,89,0,0.00%,0,-,0,-,0,-,0,-,0,-,0,-,0,-,0,-,0,-,0,-,0,-,0,-,0,-,0,-,0,-,0,-,0,-,0,-,0,0
2018,29100,Burlington-Edison School District,3956,180,4.60%,93,51.70%,87,48.30%,n<10,n<10,0,0.00%,n<10,n<10,126,70%,0,0.00%,n<10,n<10,46,25.60%,15,8.30%,180,100.00%,70,38.90%,42,23.30%,31,17.20%,29,16.10%,n<10,n<10,n<10,n<10,26,14.40%,0.045500506,4.6
2018,06117,Camas School District,7639,92,1.20%,51,55.40%,41,44.60%,n<10,n<10,n<10,n<10,n<10,n<10,16,17%,0,0.00%,11,12.00%,62,67.40%,41,44.60%,91,98.90%,0,0.00%,0,0.00%,26,28.30%,n<10,n<10,n<10,n<10,n<10,n<10,n<10,n<10,0.012043461,1.2
2018,05401,Cape Flattery School District,524,n<10,n<10,0,n<10,n<10,n<10,0,n<10,0,n<10,0,n<10,0,n<10,0,n<10,n<10,n<10,0,n<10,n<10,n<10,n<10,n<10,0,n<10,0,n<10,0,n<10,n<10,n<10,n<10,n<10,n<10,n<10,n<10,n<10,n<10,0
2018,34801,Capital Region ESD 113,1056,301,28.50%,169,56.10%,132,43.90%,15,5.00%,n<10,n<10,10,3.30%,81,27%,n<10,n<10,0,0.00%,190,63.10%,160,53.20%,0,0.00%,0,0.00%,12,4.00%,0,0.00%,10,3.30%,n<10,n<10,n<10,n<10,n<10,n<10,0.285037879,28.5
2018,27019,Carbonado School District,227,0,0.00%,0,-,0,-,0,-,0,-,0,-,0,-,0,-,0,-,0,-,0,-,0,-,0,-,0,-,0,-,0,-,0,-,0,-,0,-,0,0
2018,04228,Cascade School District,1166,29,2.50%,17,58.60%,12,41.40%,0,0.00%,0,0.00%,0,0.00%,n<10,n<10,0,0.00%,n<10,n<10,22,75.90%,n<10,n<10,28,96.60%,n<10,n<10,n<10,n<10,n<10,n<10,n<10,n<10,n<10,n<10,n<10,n<10,n<10,n<10,0.024871355,2.5
2018,04222,CASHMERE SCHOOL DISTRICT,1858,31,1.70%,15,48.40%,16,51.60%,n<10,n<10,0,0.00%,n<10,n<10,23,74%,0,0.00%,n<10,n<10,n<10,n<10,n<10,n<10,31,100.00%,10,32.30%,n<10,n<10,n<10,n<10,n<10,n<10,n<10,n<10,n<10,n<10,n<10,n<10,0.016684607,1.7
2018,08401,Castle Rock School District,1525,29,1.90%,13,44.80%,16,55.20%,0,0.00%,0,0.00%,0,0.00%,n<10,n<10,0,0.00%,n<10,n<10,22,75.90%,n<10,n<10,29,100.00%,n<10,n<10,0,0.00%,n<10,n<10,13,44.80%,n<10,n<10,n<10,n<10,n<10,n<10,0.019016393,1.9
2018,20215,Centerville School District,100,0,0.00%,0,-,0,-,0,-,0,-,0,-,0,-,0,-,0,-,0,-,0,-,0,-,0,-,0,-,0,-,0,-,0,-,0,-,0,-,0,0
2018,18401,Central Kitsap School District,12380,55,0.40%,31,56.40%,24,43.60%,0,0.00%,n<10,n<10,n<10,n<10,n<10,n<10,n<10,n<10,13,23.60%,34,61.80%,n<10,n<10,35,63.60%,0,0.00%,0,0.00%,n<10,n<10,n<10,n<10,n<10,n<10,n<10,n<10,n<10,n<10,0.004442649,0.4
2018,32356,Central Valley School District,15268,418,2.70%,204,48.80%,214,51.20%,12,2.90%,n<10,n<10,27,6.50%,60,14%,12,2.90%,23,5.50%,281,67.20%,89,21.30%,364,87.10%,12,2.90%,n<10,n<10,99,23.70%,44,10.50%,n<10,n<10,n<10,n<10,59,14.10%,0.027377522,2.7
2018,21401,Centralia School District,4141,197,4.80%,86,43.70%,111,56.30%,0,0.00%,0,0.00%,n<10,n<10,55,28%,0,0.00%,10,5.10%,131,66.50%,41,20.80%,197,100.00%,11,5.60%,n<10,n<10,39,19.80%,110,55.80%,n<10,n<10,n<10,n<10,28,14.20%,0.04757305,4.8
2018,21302,Chehalis School District,3573,130,3.60%,73,56.20%,57,43.80%,n<10,n<10,0,0.00%,n<10,n<10,43,33%,0,0.00%,n<10,n<10,82,63.10%,n<10,n<10,130,100.00%,n<10,n<10,n<10,n<10,35,26.90%,44,33.80%,n<10,n<10,n<10,n<10,15,11.50%,0.036383991,3.6
2018,32360,Cheney School District,5555,183,3.30%,101,55.20%,82,44.80%,n<10,n<10,n<10,n<10,n<10,n<10,28,15%,n<10,n<10,n<10,n<10,134,73.20%,26,14.20%,183,100.00%,n<10,n<10,0,0.00%,56,30.60%,33,18.00%,n<10,n<10,n<10,n<10,17,9.30%,0.032943294,3.3
2018,33036,Chewelah School District,883,45,5.10%,22,48.90%,23,51.10%,n<10,n<10,0,0.00%,0,0.00%,n<10,n<10,0,0.00%,n<10,n<10,41,91.10%,n<10,n<10,45,100.00%,0,0.00%,0,0.00%,11,24.40%,13,28.90%,n<10,n<10,n<10,n<10,n<10,n<10,0.050962627,5.1
2018,16049,Chimacum School District,1074,62,5.80%,30,48.40%,32,51.60%,0,0.00%,0,0.00%,n<10,n<10,n<10,n<10,0,0.00%,n<10,n<10,47,75.80%,n<10,n<10,59,95.20%,0,0.00%,0,0.00%,14,22.60%,20,32.30%,n<10,n<10,n<10,n<10,n<10,n<10,0.057728119,5.8
2018,02250,Clarkston School District,2949,175,5.90%,85,48.60%,90,51.40%,10,5.70%,0,0.00%,n<10,n<10,18,10%,0,0.00%,10,5.70%,135,77.10%,35,20.00%,174,99.40%,0,0.00%,0,0.00%,53,30.30%,18,10.30%,n<10,n<10,n<10,n<10,18,10.30%,0.05934215,5.9
2018,19404,Cle Elum-Roslyn School District,1104,69,6.30%,39,56.50%,30,43.50%,n<10,n<10,0,0.00%,0,0.00%,n<10,n<10,0,0.00%,n<10,n<10,52,75.40%,12,17.40%,69,100.00%,0,0.00%,0,0.00%,21,30.40%,n<10,n<10,n<10,n<10,n<10,n<10,n<10,n<10,0.0625,6.3
2018,27400,Clover Park School District,16679,600,3.60%,314,52.30%,286,47.70%,n<10,n<10,n<10,n<10,138,23.00%,155,26%,51,8.50%,114,19.00%,134,22.30%,23,3.80%,596,99.30%,86,14.30%,n<10,n<10,126,21.00%,133,22.20%,n<10,n<10,n<10,n<10,98,16.30%,0.03597338,3.6
2018,27932,Clover Park Technical College,338,0,0.00%,0,-,0,-,0,-,0,-,0,-,0,-,0,-,0,-,0,-,0,-,0,-,0,-,0,-,0,-,0,-,0,-,0,-,0,-,0,0
2018,38300,Colfax School District,638,20,3.10%,n<10,n<10,14,70.00%,0,0.00%,0,0.00%,0,0.00%,n<10,n<10,0,0.00%,0,0.00%,18,90.00%,n<10,n<10,19,95.00%,0,0.00%,0,0.00%,n<10,n<10,n<10,n<10,n<10,n<10,n<10,n<10,n<10,n<10,0.031347962,3.1
2018,36250,College Place School District,1548,28,1.80%,12,42.90%,16,57.10%,0,0.00%,0,0.00%,0,0.00%,11,39%,0,0.00%,n<10,n<10,15,53.60%,n<10,n<10,27,96.40%,n<10,n<10,0,0.00%,n<10,n<10,n<10,n<10,n<10,n<10,n<10,n<10,n<10,n<10,0.018087855,1.8
2018,38306,Colton School District,208,0,0.00%,0,-,0,-,0,-,0,-,0,-,0,-,0,-,0,-,0,-,0,-,0,-,0,-,0,-,0,-,0,-,0,-,0,-,0,-,0,0
2018,33206,Columbia (Stevens) School District,166,11,6.60%,n<10,n<10,n<10,n<10,n<10,n<10,0,0.00%,0,0.00%,n<10,n<10,0,0.00%,0,0.00%,n<10,n<10,n<10,n<10,10,90.90%,0,0.00%,0,0.00%,n<10,n<10,n<10,n<10,n<10,n<10,n<10,n<10,n<10,n<10,0.06626506,6.6
2018,36400,Columbia (Walla Walla) School District,851,n<10,n<10,n<10,n<10,n<10,n<10,0,n<10,0,n<10,0,n<10,n<10,n<10,0,n<10,0,n<10,n<10,n<10,n<10,n<10,n<10,n<10,0,n<10,0,n<10,n<10,n<10,n<10,n<10,n<10,n<10,n<10,n<10,n<10,n<10,n<10,0
2018,33115,Colville School District,1945,65,3.30%,34,52.30%,31,47.70%,0,0.00%,0,0.00%,0,0.00%,11,17%,0,0.00%,n<10,n<10,45,69.20%,n<10,n<10,63,96.90%,0,0.00%,0,0.00%,15,23.10%,11,16.90%,n<10,n<10,n<10,n<10,n<10,n<10,0.033419023,3.3
2018,29011,Concrete School District,659,17,2.60%,10,58.80%,n<10,n<10,0,0.00%,0,0.00%,0,0.00%,n<10,n<10,0,0.00%,n<10,n<10,15,88.20%,n<10,n<10,15,88.20%,0,0.00%,0,0.00%,n<10,n<10,n<10,n<10,n<10,n<10,n<10,n<10,n<10,n<10,0.025796662,2.6
2018,29317,Conway School District,458,12,2.60%,n<10,n<10,n<10,n<10,0,0.00%,0,0.00%,0,0.00%,n<10,n<10,0,0.00%,0,0.00%,n<10,n<10,n<10,n<10,12,100.00%,n<10,n<10,n<10,n<10,n<10,n<10,n<10,n<10,n<10,n<10,n<10,n<10,n<10,n<10,0.026200873,2.6
2018,14099,Cosmopolis School District,177,n<10,n<10,n<10,n<10,0,n<10,0,n<10,0,n<10,0,n<10,0,n<10,0,n<10,n<10,n<10,n<10,n<10,n<10,n<10,n<10,n<10,0,n<10,0,n<10,n<10,n<10,n<10,n<10,n<10,n<10,n<10,n<10,n<10,n<10,n<10,0
2018,13151,Coulee-Hartline School District,210,0,0.00%,0,-,0,-,0,-,0,-,0,-,0,-,0,-,0,-,0,-,0,-,0,-,0,-,0,-,0,-,0,-,0,-,0,-,0,-,0,0
2018,15204,Coupeville School District,1227,66,5.40%,40,60.60%,26,39.40%,0,0.00%,0,0.00%,0,0.00%,14,21%,n<10,n<10,n<10,n<10,43,65.20%,24,36.40%,62,93.90%,n<10,n<10,n<10,n<10,18,27.30%,11,16.70%,n<10,n<10,n<10,n<10,n<10,n<10,0.053789731,5.4
2018,05313,Crescent School District,394,0,0.00%,0,-,0,-,0,-,0,-,0,-,0,-,0,-,0,-,0,-,0,-,0,-,0,-,0,-,0,-,0,-,0,-,0,-,0,-,0,0
2018,22073,Creston School District,99,n<10,n<10,n<10,n<10,n<10,n<10,0,n<10,0,n<10,0,n<10,n<10,n<10,0,n<10,0,n<10,n<10,n<10,n<10,n<10,n<10,n<10,0,n<10,0,n<10,n<10,n<10,n<10,n<10,n<10,n<10,n<10,n<10,n<10,n<10,n<10,0
2018,10050,Curlew School District,290,15,5.20%,n<10,n<10,n<10,n<10,0,0.00%,0,0.00%,n<10,n<10,0,0%,0,0.00%,0,0.00%,12,80.00%,n<10,n<10,15,100.00%,0,0.00%,0,0.00%,0,0.00%,n<10,n<10,n<10,n<10,n<10,n<10,n<10,n<10,0.051724138,5.2
2018,26059,Cusick School District,319,36,11.30%,18,50.00%,18,50.00%,n<10,n<10,0,0.00%,0,0.00%,n<10,n<10,0,0.00%,n<10,n<10,24,66.70%,n<10,n<10,36,100.00%,0,0.00%,n<10,n<10,10,27.80%,11,30.60%,n<10,n<10,n<10,n<10,n<10,n<10,0.112852665,11.3
2018,19007,Damman School District,36,0,0.00%,0,-,0,-,0,-,0,-,0,-,0,-,0,-,0,-,0,-,0,-,0,-,0,-,0,-,0,-,0,-,0,-,0,-,0,-,0,0
2018,31330,Darrington School District,486,15,3.10%,n<10,n<10,n<10,n<10,n<10,n<10,0,0.00%,0,0.00%,n<10,n<10,0,0.00%,0,0.00%,10,66.70%,n<10,n<10,15,100.00%,0,0.00%,0,0.00%,n<10,n<10,n<10,n<10,n<10,n<10,n<10,n<10,n<10,n<10,0.030864198,3.1
2018,22207,Davenport School District,695,n<10,n<10,n<10,n<10,n<10,n<10,0,n<10,0,n<10,0,n<10,0,n<10,0,n<10,0,n<10,n<10,n<10,n<10,n<10,n<10,n<10,0,n<10,0,n<10,n<10,n<10,n<10,n<10,n<10,n<10,n<10,n<10,n<10,n<10,n<10,0
2018,07002,Dayton School District,515,25,4.90%,11,44.00%,14,56.00%,n<10,n<10,0,0.00%,0,0.00%,n<10,n<10,0,0.00%,0,0.00%,17,68.00%,n<10,n<10,24,96.00%,0,0.00%,0,0.00%,n<10,n<10,10,40.00%,n<10,n<10,n<10,n<10,n<10,n<10,0.048543689,4.9
2018,32414,Deer Park School District,2782,110,4.00%,55,50.00%,55,50.00%,n<10,n<10,0,0.00%,n<10,n<10,19,17%,0,0.00%,n<10,n<10,83,75.50%,n<10,n<10,110,100.00%,0,0.00%,0,0.00%,24,21.80%,16,14.50%,n<10,n<10,n<10,n<10,n<10,n<10,0.039539899,4
2018,27343,Dieringer School District,1576,18,1.10%,n<10,n<10,n<10,n<10,0,0.00%,0,0.00%,n<10,n<10,n<10,n<10,0,0.00%,0,0.00%,n<10,n<10,n<10,n<10,18,100.00%,n<10,n<10,0,0.00%,n<10,n<10,n<10,n<10,n<10,n<10,n<10,n<10,n<10,n<10,0.01142132,1.1
2018,36101,Dixie School District,21,0,0.00%,0,-,0,-,0,-,0,-,0,-,0,-,0,-,0,-,0,-,0,-,0,-,0,-,0,-,0,-,0,-,0,-,0,-,0,-,0,0
2018,32361,East Valley School District (Spokane),5246,193,3.70%,88,45.60%,105,54.40%,n<10,n<10,0,0.00%,n<10,n<10,36,19%,n<10,n<10,17,8.80%,132,68.40%,41,21.20%,192,99.50%,n<10,n<10,n<10,n<10,45,23.30%,21,10.90%,n<10,n<10,n<10,n<10,24,12.40%,0.036789935,3.7
2018,39090,East Valley School District (Yakima),3529,91,2.60%,51,56.00%,40,44.00%,0,0.00%,n<10,n<10,n<10,n<10,52,57%,0,0.00%,n<10,n<10,35,38.50%,27,29.70%,91,100.00%,23,25.30%,11,12.10%,14,15.40%,43,47.30%,n<10,n<10,n<10,n<10,n<10,n<10,0.025786342,2.6
2018,09206,Eastmont School District,6718,35,0.50%,13,37.10%,22,62.90%,0,0.00%,0,0.00%,n<10,n<10,24,69%,0,0.00%,n<10,n<10,n<10,n<10,n<10,n<10,32,91.40%,17,48.60%,17,48.60%,n<10,n<10,n<10,n<10,n<10,n<10,n<10,n<10,n<10,n<10,0.005209884,0.5
2018,19028,Easton School District,127,n<10,n<10,n<10,n<10,n<10,n<10,0,n<10,0,n<10,0,n<10,n<10,n<10,0,n<10,n<10,n<10,n<10,n<10,n<10,n<10,n<10,n<10,n<10,n<10,0,n<10,n<10,n<10,n<10,n<10,n<10,n<10,n<10,n<10,n<10,n<10,n<10,0
2018,27404,Eatonville School District,2110,72,3.40%,33,45.80%,39,54.20%,0,0.00%,0,0.00%,n<10,n<10,12,17%,0,0.00%,n<10,n<10,54,75.00%,15,20.80%,72,100.00%,0,0.00%,0,0.00%,15,20.80%,n<10,n<10,n<10,n<10,n<10,n<10,15,20.80%,0.034123223,3.4
2018,31015,Edmonds School District,23274,591,2.50%,319,54.00%,272,46.00%,15,2.50%,14,2.40%,60,10.20%,188,32%,10,1.70%,90,15.20%,214,36.20%,26,4.40%,581,98.30%,91,15.40%,0,0.00%,182,30.80%,55,9.30%,n<10,n<10,n<10,n<10,42,7.10%,0.025393143,2.5
2018,32801,Educational Service District 101,1205,n<10,n<10,0,n<10,n<10,n<10,0,n<10,0,n<10,0,n<10,0,n<10,0,n<10,0,n<10,n<10,n<10,n<10,n<10,0,n<10,0,n<10,0,n<10,0,n<10,n<10,n<10,n<10,n<10,n<10,n<10,n<10,n<10,n<10,0
2018,06801,Educational Service District 112,950,0,0.00%,0,-,0,-,0,-,0,-,0,-,0,-,0,-,0,-,0,-,0,-,0,-,0,-,0,-,0,-,0,-,0,-,0,-,0,-,0,0
2018,11801,Educational Service District 123,87,0,0.00%,0,-,0,-,0,-,0,-,0,-,0,-,0,-,0,-,0,-,0,-,0,-,0,-,0,-,0,-,0,-,0,-,0,-,0,-,0,0
2018,19401,Ellensburg School District,3670,65,1.80%,29,44.60%,36,55.40%,0,0.00%,n<10,n<10,n<10,n<10,30,46%,0,0.00%,n<10,n<10,28,43.10%,n<10,n<10,64,98.50%,20,30.80%,n<10,n<10,19,29.20%,n<10,n<10,n<10,n<10,n<10,n<10,n<10,n<10,0.017711172,1.8
2018,14068,Elma School District,1654,14,0.80%,n<10,n<10,n<10,n<10,n<10,n<10,0,0.00%,0,0.00%,n<10,n<10,0,0.00%,0,0.00%,11,78.60%,n<10,n<10,12,85.70%,n<10,n<10,0,0.00%,n<10,n<10,n<10,n<10,n<10,n<10,n<10,n<10,n<10,n<10,0.008464329,0.8
2018,38308,Endicott School District,116,0,0.00%,0,-,0,-,0,-,0,-,0,-,0,-,0,-,0,-,0,-,0,-,0,-,0,-,0,-,0,-,0,-,0,-,0,-,0,-,0,0
2018,04127,Entiat School District,369,10,2.70%,n<10,n<10,n<10,n<10,0,0.00%,0,0.00%,0,0.00%,n<10,n<10,0,0.00%,0,0.00%,n<10,n<10,n<10,n<10,10,100.00%,n<10,n<10,0,0.00%,n<10,n<10,n<10,n<10,n<10,n<10,n<10,n<10,n<10,n<10,0.027100271,2.7
2018,17216,Enumclaw School District,4501,189,4.20%,95,50.30%,94,49.70%,n<10,n<10,n<10,n<10,n<10,n<10,45,24%,0,0.00%,18,9.50%,119,63.00%,26,13.80%,188,99.50%,10,5.30%,0,0.00%,48,25.40%,n<10,n<10,n<10,n<10,n<10,n<10,14,7.40%,0.041990669,4.2
2018,13165,Ephrata School District,3111,179,5.80%,94,52.50%,85,47.50%,n<10,n<10,0,0.00%,0,0.00%,92,51%,0,0.00%,n<10,n<10,82,45.80%,37,20.70%,179,100.00%,47,26.30%,25,14.00%,34,19.00%,51,28.50%,n<10,n<10,n<10,n<10,10,5.60%,0.057537769,5.8
2018,21036,Evaline School District,62,n<10,n<10,n<10,n<10,n<10,n<10,0,n<10,0,n<10,0,n<10,0,n<10,0,n<10,0,n<10,n<10,n<10,n<10,n<10,n<10,n<10,0,n<10,0,n<10,0,n<10,n<10,n<10,n<10,n<10,n<10,n<10,n<10,n<10,n<10,0
2018,31002,Everett School District,22408,1266,5.60%,616,48.70%,650,51.30%,15,1.20%,47,3.70%,111,8.80%,325,26%,52,4.10%,140,11.10%,576,45.50%,265,20.90%,954,75.40%,233,18.40%,n<10,n<10,281,22.20%,222,17.50%,n<10,n<10,11,0.90%,111,8.80%,0.056497679,5.6
2018,06114,Evergreen School District (Clark),28468,1059,3.70%,554,52.30%,505,47.70%,n<10,n<10,14,1.30%,72,6.80%,268,25%,78,7.40%,112,10.60%,511,48.30%,257,24.30%,1048,99.00%,154,14.50%,0,0.00%,229,21.60%,327,30.90%,n<10,n<10,10,0.90%,77,7.30%,0.037199663,3.7
2018,33205,Evergreen School District (Stevens),39,0,0.00%,0,-,0,-,0,-,0,-,0,-,0,-,0,-,0,-,0,-,0,-,0,-,0,-,0,-,0,-,0,-,0,-,0,-,0,-,0,0
2018,17210,Federal Way School District,26317,582,2.20%,311,53.40%,271,46.60%,n<10,n<10,n<10,n<10,241,41.40%,138,24%,51,8.80%,85,14.60%,54,9.30%,26,4.50%,574,98.60%,68,11.70%,n<10,n<10,162,27.80%,139,23.90%,n<10,n<10,n<10,n<10,107,18.40%,0.022114983,2.2
2018,37502,Ferndale School District,5287,120,2.30%,67,55.80%,53,44.20%,26,21.70%,0,0.00%,0,0.00%,34,28%,0,0.00%,10,8.30%,50,41.70%,37,30.80%,117,97.50%,12,10.00%,10,8.30%,37,30.80%,24,20.00%,11,9.20%,n<10,n<10,n<10,n<10,0.022697182,2.3
2018,27417,Fife School District,4213,121,2.90%,67,55.40%,54,44.60%,n<10,n<10,0,0.00%,n<10,n<10,24,20%,20,16.50%,24,19.80%,44,36.40%,19,15.70%,121,100.00%,15,12.40%,0,0.00%,24,19.80%,35,28.90%,n<10,n<10,n<10,n<10,13,10.70%,0.028720627,2.9
2018,03053,Finley School District,1002,21,2.10%,13,61.90%,n<10,n<10,0,0.00%,0,0.00%,0,0.00%,n<10,n<10,0,0.00%,0,0.00%,15,71.40%,n<10,n<10,20,95.20%,n<10,n<10,n<10,n<10,n<10,n<10,n<10,n<10,n<10,n<10,n<10,n<10,n<10,n<10,0.020958084,2.1
2018,27402,Franklin Pierce School District,9171,372,4.10%,186,50.00%,186,50.00%,10,2.70%,n<10,n<10,77,20.70%,90,24%,24,6.50%,75,20.20%,94,25.30%,39,10.50%,369,99.20%,30,8.10%,n<10,n<10,82,22.00%,109,29.30%,29,7.80%,n<10,n<10,42,11.30%,0.040562643,4.1
2018,32358,Freeman School District,946,n<10,n<10,0,n<10,n<10,n<10,0,n<10,0,n<10,0,n<10,0,n<10,0,n<10,0,n<10,n<10,n<10,n<10,n<10,n<10,n<10,0,n<10,0,n<10,n<10,n<10,n<10,n<10,n<10,n<10,n<10,n<10,n<10,n<10,n<10,0
2018,38302,Garfield School District,140,0,0.00%,0,-,0,-,0,-,0,-,0,-,0,-,0,-,0,-,0,-,0,-,0,-,0,-,0,-,0,-,0,-,0,-,0,-,0,-,0,0
2018,20401,Glenwood School District,99,0,0.00%,0,-,0,-,0,-,0,-,0,-,0,-,0,-,0,-,0,-,0,-,0,-,0,-,0,-,0,-,0,-,0,-,0,-,0,-,0,0
2018,20404,Goldendale School District,1118,24,2.10%,10,41.70%,14,58.30%,n<10,n<10,0,0.00%,0,0.00%,n<10,n<10,0,0.00%,n<10,n<10,n<10,n<10,n<10,n<10,23,95.80%,0,0.00%,n<10,n<10,n<10,n<10,n<10,n<10,n<10,n<10,n<10,n<10,n<10,n<10,0.021466905,2.1
2018,13301,Grand Coulee Dam School District,931,34,3.70%,17,50.00%,17,50.00%,16,47.10%,0,0.00%,0,0.00%,n<10,n<10,0,0.00%,n<10,n<10,n<10,n<10,n<10,n<10,32,94.10%,n<10,n<10,n<10,n<10,n<10,n<10,n<10,n<10,n<10,n<10,n<10,n<10,n<10,n<10,0.036519871,3.7
2018,39200,Grandview School District,4110,240,5.80%,118,49.20%,122,50.80%,0,0.00%,0,0.00%,0,0.00%,226,94%,0,0.00%,n<10,n<10,13,5.40%,n<10,n<10,233,97.10%,98,40.80%,56,23.30%,34,14.20%,99,41.30%,n<10,n<10,n<10,n<10,13,5.40%,0.058394161,5.8
2018,39204,Granger School District,1671,33,2.00%,16,48.50%,17,51.50%,n<10,n<10,0,0.00%,0,0.00%,23,70%,0,0.00%,0,0.00%,n<10,n<10,n<10,n<10,29,87.90%,17,51.50%,n<10,n<10,n<10,n<10,18,54.50%,n<10,n<10,n<10,n<10,n<10,n<10,0.019748654,2
2018,31332,Granite Falls School District,2375,284,12.00%,135,47.50%,149,52.50%,n<10,n<10,n<10,n<10,n<10,n<10,21,7%,n<10,n<10,20,7.00%,225,79.20%,145,51.10%,283,99.60%,n<10,n<10,0,0.00%,74,26.10%,46,16.20%,n<10,n<10,n<10,n<10,38,13.40%,0.119578947,12
2018,23054,Grapeview School District,257,13,5.10%,n<10,n<10,n<10,n<10,0,0.00%,0,0.00%,0,0.00%,n<10,n<10,0,0.00%,n<10,n<10,10,76.90%,n<10,n<10,13,100.00%,0,0.00%,0,0.00%,n<10,n<10,n<10,n<10,n<10,n<10,n<10,n<10,n<10,n<10,0.050583658,5.1
2018,32312,Great Northern School District,59,n<10,n<10,n<10,n<10,0,n<10,0,n<10,0,n<10,0,n<10,0,n<10,0,n<10,n<10,n<10,0,n<10,n<10,n<10,0,n<10,0,n<10,0,n<10,0,n<10,n<10,n<10,n<10,n<10,n<10,n<10,n<10,n<10,n<10,0
2018,27904,Green Dot Public Schools Destiny,324,13,4.00%,n<10,n<10,n<10,n<10,0,0.00%,0,0.00%,n<10,n<10,n<10,n<10,n<10,n<10,n<10,n<10,n<10,n<10,n<10,n<10,13,100.00%,n<10,n<10,0,0.00%,n<10,n<10,10,76.90%,n<10,n<10,n<10,n<10,n<10,n<10,0.040123457,4
2018,17906,Green Dot Public Schools Excel,119,n<10,n<10,n<10,n<10,n<10,n<10,0,n<10,0,n<10,n<10,n<10,n<10,n<10,0,n<10,0,n<10,n<10,n<10,n<10,n<10,n<10,n<10,0,n<10,0,n<10,n<10,n<10,n<10,n<10,n<10,n<10,n<10,n<10,n<10,n<10,n<10,0
2018,17910,Green Dot Public Schools Rainier Valley,163,n<10,n<10,n<10,n<10,n<10,n<10,0,n<10,0,n<10,n<10,n<10,0,n<10,0,n<10,0,n<10,n<10,n<10,n<10,n<10,n<10,n<10,0,n<10,0,n<10,n<10,n<10,n<10,n<10,n<10,n<10,n<10,n<10,n<10,n<10,n<10,0
2018,06103,Green Mountain School District,219,16,7.30%,n<10,n<10,n<10,n<10,0,0.00%,0,0.00%,0,0.00%,n<10,n<10,0,0.00%,n<10,n<10,n<10,n<10,n<10,n<10,16,100.00%,n<10,n<10,0,0.00%,n<10,n<10,n<10,n<10,n<10,n<10,n<10,n<10,n<10,n<10,0.073059361,7.3
2018,34324,Griffin School District,709,n<10,n<10,n<10,n<10,n<10,n<10,0,n<10,0,n<10,0,n<10,n<10,n<10,0,n<10,n<10,n<10,n<10,n<10,n<10,n<10,n<10,n<10,0,n<10,0,n<10,n<10,n<10,n<10,n<10,n<10,n<10,n<10,n<10,n<10,n<10,n<10,0
2018,22204,Harrington School District,181,n<10,n<10,0,n<10,n<10,n<10,0,n<10,0,n<10,0,n<10,0,n<10,0,n<10,n<10,n<10,0,n<10,n<10,n<10,0,n<10,0,n<10,0,n<10,0,n<10,n<10,n<10,n<10,n<10,n<10,n<10,n<10,n<10,n<10,0
2018,39203,Highland School District,1285,73,5.70%,43,58.90%,30,41.10%,n<10,n<10,0,0.00%,n<10,n<10,47,64%,0,0.00%,0,0.00%,22,30.10%,n<10,n<10,72,98.60%,22,30.10%,14,19.20%,11,15.10%,22,30.10%,n<10,n<10,n<10,n<10,n<10,n<10,0.056809339,5.7
2018,17401,Highline School District,22583,1220,5.40%,593,48.60%,627,51.40%,31,2.50%,72,5.90%,259,21.20%,503,41%,99,8.10%,97,8.00%,159,13.00%,107,8.80%,1159,95.00%,373,30.60%,n<10,n<10,255,20.90%,237,19.40%,n<10,n<10,18,1.50%,73,6.00%,0.054022938,5.4
2018,06098,Hockinson School District,2081,12,0.60%,n<10,n<10,n<10,n<10,0,0.00%,0,0.00%,0,0.00%,n<10,n<10,0,0.00%,n<10,n<10,n<10,n<10,n<10,n<10,12,100.00%,n<10,n<10,0,0.00%,n<10,n<10,n<10,n<10,n<10,n<10,n<10,n<10,n<10,n<10,0.005766458,0.6
2018,23404,Hood Canal School District,349,27,7.70%,16,59.30%,11,40.70%,n<10,n<10,0,0.00%,0,0.00%,n<10,n<10,0,0.00%,n<10,n<10,16,59.30%,n<10,n<10,27,100.00%,0,0.00%,n<10,n<10,n<10,n<10,10,37.00%,n<10,n<10,n<10,n<10,n<10,n<10,0.077363897,7.7
2018,14028,Hoquiam School District,1988,75,3.80%,34,45.30%,41,54.70%,10,13.30%,0,0.00%,0,0.00%,15,20%,0,0.00%,n<10,n<10,43,57.30%,13,17.30%,69,92.00%,n<10,n<10,n<10,n<10,25,33.30%,14,18.70%,n<10,n<10,n<10,n<10,n<10,n<10,0.037726358,3.8
2018,10070,Inchelium School District,252,18,7.10%,n<10,n<10,n<10,n<10,16,88.90%,0,0.00%,0,0.00%,0,0%,0,0.00%,n<10,n<10,0,0.00%,14,77.80%,18,100.00%,n<10,n<10,0,0.00%,n<10,n<10,n<10,n<10,n<10,n<10,n<10,n<10,n<10,n<10,0.071428571,7.1
2018,31063,Index School District,40,n<10,n<10,0,n<10,n<10,n<10,0,n<10,0,n<10,0,n<10,0,n<10,0,n<10,0,n<10,n<10,n<10,n<10,n<10,0,n<10,0,n<10,0,n<10,n<10,n<10,n<10,n<10,n<10,n<10,n<10,n<10,n<10,n<10,n<10,0
2018,17411,Issaquah School District,22240,172,0.80%,82,47.70%,90,52.30%,0,0.00%,10,5.80%,30,17.40%,48,28%,n<10,n<10,19,11.00%,61,35.50%,20,11.60%,172,100.00%,19,11.00%,0,0.00%,43,25.00%,16,9.30%,n<10,n<10,n<10,n<10,10,5.80%,0.007733813,0.8
2018,11056,Kahlotus School District,63,0,0.00%,0,-,0,-,0,-,0,-,0,-,0,-,0,-,0,-,0,-,0,-,0,-,0,-,0,-,0,-,0,-,0,-,0,-,0,-,0,0
2018,08402,Kalama School District,1139,43,3.80%,22,51.20%,21,48.80%,n<10,n<10,n<10,n<10,0,0.00%,n<10,n<10,0,0.00%,n<10,n<10,34,79.10%,n<10,n<10,43,100.00%,n<10,n<10,0,0.00%,13,30.20%,n<10,n<10,n<10,n<10,n<10,n<10,n<10,n<10,0.037752414,3.8
2018,10003,Keller School District,31,n<10,n<10,n<10,n<10,n<10,n<10,n<10,n<10,0,n<10,0,n<10,0,n<10,0,n<10,0,n<10,0,n<10,n<10,n<10,n<10,n<10,0,n<10,0,n<10,0,n<10,n<10,n<10,n<10,n<10,n<10,n<10,n<10,n<10,n<10,0
2018,08458,Kelso School District,5817,217,3.70%,103,47.50%,114,52.50%,n<10,n<10,n<10,n<10,n<10,n<10,29,13%,10,4.60%,19,8.80%,154,71.00%,26,12.00%,216,99.50%,24,11.10%,0,0.00%,40,18.40%,34,15.70%,n<10,n<10,n<10,n<10,30,13.80%,0.037304452,3.7
2018,03017,Kennewick School District,21803,115,0.50%,51,44.30%,64,55.70%,0,0.00%,n<10,n<10,n<10,n<10,64,56%,0,0.00%,n<10,n<10,36,31.30%,18,15.70%,108,93.90%,15,13.00%,15,13.00%,14,12.20%,48,41.70%,n<10,n<10,n<10,n<10,20,17.40%,0.005274504,0.5
2018,17415,Kent School District,30855,579,1.90%,296,51.10%,283,48.90%,n<10,n<10,14,2.40%,197,34.00%,156,27%,31,5.40%,88,15.20%,91,15.70%,39,6.70%,576,99.50%,74,12.80%,0,0.00%,134,23.10%,153,26.40%,n<10,n<10,n<10,n<10,72,12.40%,0.018765192,1.9
2018,33212,Kettle Falls School District,1193,62,5.20%,36,58.10%,26,41.90%,n<10,n<10,0,0.00%,n<10,n<10,n<10,n<10,0,0.00%,n<10,n<10,49,79.00%,n<10,n<10,56,90.30%,0,0.00%,0,0.00%,10,16.10%,n<10,n<10,n<10,n<10,n<10,n<10,n<10,n<10,0.051969824,5.2
2018,03052,Kiona-Benton City School District,1762,77,4.40%,39,50.60%,38,49.40%,0,0.00%,0,0.00%,n<10,n<10,36,47%,0,0.00%,n<10,n<10,36,46.80%,n<10,n<10,58,75.30%,28,36.40%,17,22.10%,12,15.60%,36,46.80%,n<10,n<10,n<10,n<10,n<10,n<10,0.043700341,4.4
2018,19403,Kittitas School District,798,n<10,n<10,n<10,n<10,n<10,n<10,0,n<10,0,n<10,0,n<10,n<10,n<10,0,n<10,n<10,n<10,n<10,n<10,n<10,n<10,n<10,n<10,0,n<10,0,n<10,n<10,n<10,n<10,n<10,n<10,n<10,n<10,n<10,n<10,n<10,n<10,0
2018,20402,Klickitat School District,94,0,0.00%,0,-,0,-,0,-,0,-,0,-,0,-,0,-,0,-,0,-,0,-,0,-,0,-,0,-,0,-,0,-,0,-,0,-,0,-,0,0
2018,06101,La Center School District,1836,48,2.60%,26,54.20%,22,45.80%,0,0.00%,0,0.00%,0,0.00%,n<10,n<10,0,0.00%,0,0.00%,44,91.70%,n<10,n<10,47,97.90%,0,0.00%,0,0.00%,13,27.10%,n<10,n<10,n<10,n<10,n<10,n<10,n<10,n<10,0.026143791,2.6
2018,29311,La Conner School District,712,23,3.20%,14,60.90%,n<10,n<10,n<10,n<10,0,0.00%,n<10,n<10,n<10,n<10,0,0.00%,n<10,n<10,11,47.80%,n<10,n<10,23,100.00%,n<10,n<10,n<10,n<10,n<10,n<10,n<10,n<10,n<10,n<10,n<10,n<10,n<10,n<10,0.032303371,3.2
2018,38126,LaCrosse School District,79,0,0.00%,0,-,0,-,0,-,0,-,0,-,0,-,0,-,0,-,0,-,0,-,0,-,0,-,0,-,0,-,0,-,0,-,0,-,0,-,0,0
2018,04129,Lake Chelan School District,1649,66,4.00%,33,50.00%,33,50.00%,n<10,n<10,0,0.00%,0,0.00%,33,50%,0,0.00%,0,0.00%,30,45.50%,n<10,n<10,64,97.00%,12,18.20%,n<10,n<10,12,18.20%,14,21.20%,n<10,n<10,n<10,n<10,n<10,n<10,0.040024257,4
2018,14097,Lake Quinault School District,247,49,19.80%,24,49.00%,25,51.00%,17,34.70%,0,0.00%,n<10,n<10,n<10,n<10,0,0.00%,n<10,n<10,18,36.70%,n<10,n<10,46,93.90%,n<10,n<10,0,0.00%,n<10,n<10,12,24.50%,n<10,n<10,n<10,n<10,n<10,n<10,0.198380567,19.8
2018,31004,Lake Stevens School District,9832,122,1.20%,49,40.20%,73,59.80%,0,0.00%,0,0.00%,n<10,n<10,27,22%,0,0.00%,11,9.00%,82,67.20%,n<10,n<10,122,100.00%,n<10,n<10,0,0.00%,48,39.30%,15,12.30%,n<10,n<10,n<10,n<10,15,12.30%,0.012408462,1.2
2018,17937,Lake Washington Institute of Technology,901,18,2.00%,10,55.60%,n<10,n<10,0,0.00%,n<10,n<10,n<10,n<10,n<10,n<10,0,0.00%,n<10,n<10,n<10,n<10,n<10,n<10,0,0.00%,0,0.00%,0,0.00%,0,0.00%,n<10,n<10,n<10,n<10,n<10,n<10,n<10,n<10,0.019977802,2
2018,17414,Lake Washington School District,32233,272,0.80%,137,50.40%,135,49.60%,n<10,n<10,17,6.30%,68,25.00%,73,27%,n<10,n<10,37,13.60%,70,25.70%,23,8.50%,249,91.50%,51,18.80%,0,0.00%,76,27.90%,13,4.80%,n<10,n<10,n<10,n<10,15,5.50%,0.008438557,0.8
2018,31306,Lakewood School District,2756,112,4.10%,53,47.30%,59,52.70%,n<10,n<10,n<10,n<10,n<10,n<10,30,27%,n<10,n<10,n<10,n<10,64,57.10%,15,13.40%,112,100.00%,12,10.70%,0,0.00%,19,17.00%,n<10,n<10,n<10,n<10,n<10,n<10,18,16.10%,0.040638607,4.1
2018,38264,Lamont School District,49,n<10,n<10,n<10,n<10,n<10,n<10,0,n<10,0,n<10,0,n<10,0,n<10,0,n<10,0,n<10,n<10,n<10,0,n<10,n<10,n<10,0,n<10,0,n<10,n<10,n<10,n<10,n<10,0,n<10,n<10,n<10,n<10,n<10,n<10,0
2018,32362,Liberty School District,577,13,2.30%,n<10,n<10,n<10,n<10,0,0.00%,0,0.00%,0,0.00%,n<10,n<10,0,0.00%,0,0.00%,12,92.30%,n<10,n<10,13,100.00%,0,0.00%,0,0.00%,n<10,n<10,n<10,n<10,n<10,n<10,n<10,n<10,n<10,n<10,0.022530329,2.3
2018,01158,Lind School District,275,34,12.40%,19,55.90%,15,44.10%,0,0.00%,0,0.00%,n<10,n<10,16,47%,0,0.00%,n<10,n<10,14,41.20%,n<10,n<10,34,100.00%,n<10,n<10,12,35.30%,n<10,n<10,n<10,n<10,n<10,n<10,n<10,n<10,n<10,n<10,0.123636364,12.4
2018,08122,Longview School District,7501,486,6.50%,224,46.10%,262,53.90%,n<10,n<10,n<10,n<10,15,3.10%,110,23%,n<10,n<10,39,8.00%,308,63.40%,69,14.20%,482,99.20%,34,7.00%,n<10,n<10,104,21.40%,132,27.20%,n<10,n<10,n<10,n<10,53,10.90%,0.064791361,6.5
2018,33183,Loon Lake School District,290,0,0.00%,0,-,0,-,0,-,0,-,0,-,0,-,0,-,0,-,0,-,0,-,0,-,0,-,0,-,0,-,0,-,0,-,0,-,0,-,0,0
2018,28144,Lopez School District,297,25,8.40%,12,48.00%,13,52.00%,0,0.00%,n<10,n<10,0,0.00%,12,48%,0,0.00%,0,0.00%,12,48.00%,n<10,n<10,16,64.00%,n<10,n<10,0,0.00%,n<10,n<10,n<10,n<10,n<10,n<10,n<10,n<10,n<10,n<10,0.084175084,8.4
2018,37903,Lummi Tribal Agency,365,0,0.00%,0,-,0,-,0,-,0,-,0,-,0,-,0,-,0,-,0,-,0,-,0,-,0,-,0,-,0,-,0,-,0,-,0,-,0,-,0,0
2018,20406,Lyle School District,299,86,28.80%,40,46.50%,46,53.50%,27,31.40%,0,0.00%,0,0.00%,11,13%,0,0.00%,n<10,n<10,44,51.20%,n<10,n<10,81,94.20%,n<10,n<10,16,18.60%,17,19.80%,37,43.00%,n<10,n<10,n<10,n<10,n<10,n<10,0.287625418,28.8
2018,37504,Lynden School District,4081,81,2.00%,36,44.40%,45,55.60%,n<10,n<10,0,0.00%,0,0.00%,33,41%,0,0.00%,n<10,n<10,38,46.90%,25,30.90%,74,91.40%,15,18.50%,n<10,n<10,26,32.10%,48,59.30%,n<10,n<10,n<10,n<10,n<10,n<10,0.019848076,2
2018,39120,Mabton School District,999,39,3.90%,20,51.30%,19,48.70%,0,0.00%,0,0.00%,0,0.00%,38,97%,0,0.00%,0,0.00%,n<10,n<10,n<10,n<10,36,92.30%,15,38.50%,n<10,n<10,n<10,n<10,n<10,n<10,n<10,n<10,n<10,n<10,n<10,n<10,0.039039039,3.9
2018,09207,Mansfield School District,107,0,0.00%,0,-,0,-,0,-,0,-,0,-,0,-,0,-,0,-,0,-,0,-,0,-,0,-,0,-,0,-,0,-,0,-,0,-,0,-,0,0
2018,04019,Manson School District,695,46,6.60%,25,54.30%,21,45.70%,0,0.00%,0,0.00%,0,0.00%,35,76%,0,0.00%,n<10,n<10,10,21.70%,n<10,n<10,46,100.00%,24,52.20%,11,23.90%,n<10,n<10,n<10,n<10,n<10,n<10,n<10,n<10,n<10,n<10,0.06618705,6.6
2018,23311,Mary M Knight School District,1914,n<10,n<10,n<10,n<10,n<10,n<10,0,n<10,0,n<10,0,n<10,n<10,n<10,0,n<10,n<10,n<10,n<10,n<10,n<10,n<10,n<10,n<10,0,n<10,0,n<10,0,n<10,n<10,n<10,n<10,n<10,n<10,n<10,n<10,n<10,n<10,0
2018,33207,Mary Walker School District,706,59,8.40%,31,52.50%,28,47.50%,n<10,n<10,0,0.00%,0,0.00%,n<10,n<10,0,0.00%,n<10,n<10,47,79.70%,16,27.10%,53,89.80%,0,0.00%,0,0.00%,12,20.30%,11,18.60%,n<10,n<10,n<10,n<10,n<10,n<10,0.083569405,8.4
2018,31025,Marysville School District,12462,419,3.40%,211,50.40%,208,49.60%,27,6.40%,10,2.40%,24,5.70%,125,30%,n<10,n<10,52,12.40%,177,42.20%,114,27.20%,419,100.00%,55,13.10%,n<10,n<10,85,20.30%,70,16.70%,n<10,n<10,n<10,n<10,67,16.00%,0.033622212,3.4
2018,14065,McCleary School District,399,44,11.00%,24,54.50%,20,45.50%,0,0.00%,0,0.00%,n<10,n<10,n<10,n<10,0,0.00%,n<10,n<10,32,72.70%,n<10,n<10,43,97.70%,n<10,n<10,0,0.00%,10,22.70%,n<10,n<10,n<10,n<10,n<10,n<10,n<10,n<10,0.110275689,11
2018,32354,Mead School District,11542,497,4.30%,249,50.10%,248,49.90%,n<10,n<10,n<10,n<10,10,2.00%,60,12%,46,9.30%,69,13.90%,306,61.60%,64,12.90%,482,97.00%,37,7.40%,n<10,n<10,118,23.70%,39,7.80%,n<10,n<10,n<10,n<10,47,9.50%,0.043060128,4.3
2018,32326,Medical Lake School District,2225,50,2.20%,24,48.00%,26,52.00%,n<10,n<10,0,0.00%,0,0.00%,n<10,n<10,0,0.00%,n<10,n<10,39,78.00%,n<10,n<10,49,98.00%,0,0.00%,0,0.00%,20,40.00%,14,28.00%,n<10,n<10,n<10,n<10,n<10,n<10,0.02247191,2.2
2018,17400,Mercer Island School District,4742,n<10,n<10,n<10,n<10,n<10,n<10,0,n<10,0,n<10,n<10,n<10,n<10,n<10,0,n<10,n<10,n<10,n<10,n<10,n<10,n<10,n<10,n<10,n<10,n<10,0,n<10,n<10,n<10,n<10,n<10,n<10,n<10,n<10,n<10,n<10,n<10,n<10,0
2018,37505,Meridian School District,1970,31,1.60%,17,54.80%,14,45.20%,0,0.00%,0,0.00%,0,0.00%,11,35%,0,0.00%,10,32.30%,10,32.30%,11,35.50%,31,100.00%,n<10,n<10,0,0.00%,12,38.70%,n<10,n<10,n<10,n<10,n<10,n<10,n<10,n<10,0.015736041,1.6
2018,24350,Methow Valley School District,716,n<10,n<10,n<10,n<10,n<10,n<10,0,n<10,0,n<10,0,n<10,n<10,n<10,0,n<10,n<10,n<10,n<10,n<10,n<10,n<10,n<10,n<10,0,n<10,0,n<10,0,n<10,n<10,n<10,n<10,n<10,n<10,n<10,n<10,n<10,n<10,0
2018,30031,Mill A School District,54,0,0.00%,0,-,0,-,0,-,0,-,0,-,0,-,0,-,0,-,0,-,0,-,0,-,0,-,0,-,0,-,0,-,0,-,0,-,0,-,0,0
2018,31103,Monroe School District,7995,132,1.70%,67,50.80%,65,49.20%,n<10,n<10,0,0.00%,n<10,n<10,39,30%,0,0.00%,n<10,n<10,79,59.80%,57,43.20%,132,100.00%,27,20.50%,n<10,n<10,38,28.80%,15,11.40%,n<10,n<10,n<10,n<10,16,12.10%,0.016510319,1.7
2018,14066,Montesano School District,1753,33,1.90%,20,60.60%,13,39.40%,n<10,n<10,0,0.00%,0,0.00%,n<10,n<10,0,0.00%,n<10,n<10,26,78.80%,n<10,n<10,32,97.00%,0,0.00%,0,0.00%,n<10,n<10,n<10,n<10,n<10,n<10,n<10,n<10,n<10,n<10,0.018824872,1.9
2018,21214,Morton School District,401,26,6.50%,11,42.30%,15,57.70%,n<10,n<10,0,0.00%,0,0.00%,n<10,n<10,0,0.00%,n<10,n<10,18,69.20%,n<10,n<10,26,100.00%,0,0.00%,0,0.00%,n<10,n<10,11,42.30%,n<10,n<10,n<10,n<10,n<10,n<10,0.064837905,6.5
2018,13161,Moses Lake School District,9727,347,3.60%,194,55.90%,153,44.10%,n<10,n<10,n<10,n<10,n<10,n<10,180,52%,0,0.00%,n<10,n<10,155,44.70%,n<10,n<10,347,100.00%,69,19.90%,42,12.10%,65,18.70%,91,26.20%,n<10,n<10,n<10,n<10,32,9.20%,0.035673897,3.6
2018,21206,Mossyrock School District,645,14,2.20%,n<10,n<10,n<10,n<10,0,0.00%,0,0.00%,0,0.00%,0,0%,0,0.00%,0,0.00%,14,100.00%,n<10,n<10,14,100.00%,0,0.00%,0,0.00%,n<10,n<10,n<10,n<10,n<10,n<10,n<10,n<10,n<10,n<10,0.021705426,2.2
2018,39209,Mount Adams School District,1059,125,11.80%,63,50.40%,62,49.60%,85,68.00%,0,0.00%,0,0.00%,28,22%,0,0.00%,n<10,n<10,n<10,n<10,n<10,n<10,121,96.80%,85,68.00%,n<10,n<10,20,16.00%,103,82.40%,n<10,n<10,n<10,n<10,16,12.80%,0.118035883,11.8
2018,37507,Mount Baker School District,2066,81,3.90%,34,42.00%,47,58.00%,n<10,n<10,0,0.00%,n<10,n<10,23,28%,0,0.00%,n<10,n<10,44,54.30%,24,29.60%,77,95.10%,n<10,n<10,n<10,n<10,20,24.70%,40,49.40%,n<10,n<10,n<10,n<10,n<10,n<10,0.039206196,3.9
2018,30029,Mount Pleasant School District,69,n<10,n<10,n<10,n<10,n<10,n<10,0,n<10,0,n<10,0,n<10,n<10,n<10,0,n<10,0,n<10,n<10,n<10,n<10,n<10,n<10,n<10,0,n<10,0,n<10,n<10,n<10,n<10,n<10,n<10,n<10,n<10,n<10,n<10,n<10,n<10,0
2018,29320,Mount Vernon School District,7756,215,2.80%,99,46.00%,116,54.00%,n<10,n<10,0,0.00%,n<10,n<10,141,66%,n<10,n<10,10,4.70%,54,25.10%,n<10,n<10,212,98.60%,72,33.50%,59,27.40%,38,17.70%,57,26.50%,n<10,n<10,n<10,n<10,n<10,n<10,0.027720474,2.8
2018,17903,Muckleshoot Indian Tribe,544,0,0.00%,0,-,0,-,0,-,0,-,0,-,0,-,0,-,0,-,0,-,0,-,0,-,0,-,0,-,0,-,0,-,0,-,0,-,0,-,0,0
2018,31006,Mukilteo School District,18988,360,1.90%,183,50.80%,177,49.20%,n<10,n<10,15,4.20%,37,10.30%,137,38%,19,5.30%,42,11.70%,108,30.00%,n<10,n<10,358,99.40%,67,18.60%,n<10,n<10,63,17.50%,81,22.50%,n<10,n<10,n<10,n<10,24,6.70%,0.018959343,1.9
2018,39003,Naches Valley School District,1484,18,1.20%,14,77.80%,n<10,n<10,n<10,n<10,0,0.00%,0,0.00%,n<10,n<10,0,0.00%,n<10,n<10,n<10,n<10,n<10,n<10,18,100.00%,n<10,n<10,0,0.00%,n<10,n<10,n<10,n<10,n<10,n<10,n<10,n<10,n<10,n<10,0.01212938,1.2
2018,21014,Napavine School District,912,21,2.30%,11,52.40%,10,47.60%,0,0.00%,0,0.00%,0,0.00%,0,0%,0,0.00%,0,0.00%,21,100.00%,n<10,n<10,21,100.00%,0,0.00%,0,0.00%,n<10,n<10,n<10,n<10,n<10,n<10,n<10,n<10,n<10,n<10,0.023026316,2.3
2018,25155,Naselle-Grays River Valley School District,716,25,3.50%,12,48.00%,13,52.00%,0,0.00%,n<10,n<10,n<10,n<10,n<10,n<10,0,0.00%,0,0.00%,18,72.00%,n<10,n<10,25,100.00%,0,0.00%,n<10,n<10,n<10,n<10,15,60.00%,n<10,n<10,n<10,n<10,n<10,n<10,0.034916201,3.5
2018,24014,Nespelem School District #14,177,n<10,n<10,n<10,n<10,n<10,n<10,n<10,n<10,0,n<10,0,n<10,0,n<10,0,n<10,0,n<10,0,n<10,n<10,n<10,n<10,n<10,n<10,n<10,0,n<10,n<10,n<10,n<10,n<10,n<10,n<10,n<10,n<10,n<10,n<10,n<10,0
2018,26056,Newport School District,1326,123,9.30%,67,54.50%,56,45.50%,n<10,n<10,0,0.00%,n<10,n<10,13,11%,0,0.00%,n<10,n<10,96,78.00%,20,16.30%,120,97.60%,0,0.00%,0,0.00%,20,16.30%,41,33.30%,n<10,n<10,n<10,n<10,14,11.40%,0.092760181,9.3
2018,32325,Nine Mile Falls School District,1550,19,1.20%,13,68.40%,n<10,n<10,0,0.00%,0,0.00%,0,0.00%,n<10,n<10,0,0.00%,n<10,n<10,15,78.90%,n<10,n<10,18,94.70%,0,0.00%,0,0.00%,n<10,n<10,n<10,n<10,n<10,n<10,n<10,n<10,n<10,n<10,0.012258065,1.2
2018,37506,Nooksack Valley School District,2001,65,3.20%,33,50.80%,32,49.20%,n<10,n<10,0,0.00%,0,0.00%,28,43%,0,0.00%,n<10,n<10,34,52.30%,12,18.50%,65,100.00%,10,15.40%,n<10,n<10,17,26.20%,38,58.50%,n<10,n<10,n<10,n<10,n<10,n<10,0.032483758,3.2
2018,14064,North Beach School District,735,38,5.20%,18,47.40%,20,52.60%,n<10,n<10,0,0.00%,n<10,n<10,n<10,n<10,0,0.00%,n<10,n<10,26,68.40%,n<10,n<10,36,94.70%,0,0.00%,n<10,n<10,n<10,n<10,n<10,n<10,n<10,n<10,n<10,n<10,n<10,n<10,0.05170068,5.2
2018,11051,North Franklin School District,2457,24,1.00%,13,54.20%,11,45.80%,0,0.00%,n<10,n<10,0,0.00%,17,71%,0,0.00%,0,0.00%,n<10,n<10,n<10,n<10,23,95.80%,16,66.70%,n<10,n<10,n<10,n<10,11,45.80%,n<10,n<10,n<10,n<10,n<10,n<10,0.00976801,1
2018,18400,North Kitsap School District,6471,88,1.40%,42,47.70%,46,52.30%,10,11.40%,n<10,n<10,n<10,n<10,10,11%,0,0.00%,14,15.90%,47,53.40%,n<10,n<10,84,95.50%,n<10,n<10,n<10,n<10,26,29.50%,17,19.30%,n<10,n<10,n<10,n<10,13,14.80%,0.013599135,1.4
2018,23403,North Mason School District,2559,207,8.10%,106,51.20%,101,48.80%,n<10,n<10,0,0.00%,0,0.00%,70,34%,0,0.00%,14,6.80%,117,56.50%,46,22.20%,207,100.00%,53,25.60%,n<10,n<10,34,16.40%,74,35.70%,n<10,n<10,n<10,n<10,23,11.10%,0.080890973,8.1
2018,25200,North River School District,82,0,0.00%,0,-,0,-,0,-,0,-,0,-,0,-,0,-,0,-,0,-,0,-,0,-,0,-,0,-,0,-,0,-,0,-,0,-,0,-,0,0
2018,34003,North Thurston Public Schools,16828,880,5.20%,436,49.50%,444,50.50%,n<10,n<10,35,4.00%,58,6.60%,239,27%,34,3.90%,133,15.10%,375,42.60%,214,24.30%,875,99.40%,74,8.40%,0,0.00%,157,17.80%,141,16.00%,n<10,n<10,n<10,n<10,66,7.50%,0.052293796,5.2
2018,33211,Northport School District,323,26,8.00%,17,65.40%,n<10,n<10,0,0.00%,n<10,n<10,0,0.00%,n<10,n<10,0,0.00%,0,0.00%,22,84.60%,n<10,n<10,23,88.50%,0,0.00%,0,0.00%,n<10,n<10,n<10,n<10,n<10,n<10,n<10,n<10,n<10,n<10,0.080495356,8
2018,17417,Northshore School District,24009,211,0.90%,112,53.10%,99,46.90%,n<10,n<10,n<10,n<10,28,13.30%,57,27%,0,0.00%,26,12.30%,94,44.50%,10,4.70%,201,95.30%,22,10.40%,0,0.00%,60,28.40%,21,10.00%,n<10,n<10,n<10,n<10,22,10.40%,0.008788371,0.9
2018,29801,Northwest Educational Service District 189,482,n<10,n<10,n<10,n<10,0,n<10,0,n<10,0,n<10,0,n<10,0,n<10,0,n<10,0,n<10,n<10,n<10,n<10,n<10,0,n<10,0,n<10,0,n<10,0,n<10,n<10,n<10,n<10,n<10,n<10,n<10,n<10,n<10,n<10,0
2018,15201,Oak Harbor School District,6800,270,4.00%,141,52.20%,129,47.80%,0,0.00%,n<10,n<10,11,4.10%,53,20%,n<10,n<10,30,11.10%,168,62.20%,90,33.30%,270,100.00%,15,5.60%,0,0.00%,67,24.80%,16,5.90%,n<10,n<10,n<10,n<10,23,8.50%,0.039705882,4
2018,38324,Oakesdale School District,146,n<10,n<10,n<10,n<10,0,n<10,0,n<10,0,n<10,0,n<10,0,n<10,0,n<10,0,n<10,n<10,n<10,n<10,n<10,n<10,n<10,0,n<10,0,n<10,0,n<10,n<10,n<10,n<10,n<10,n<10,n<10,n<10,n<10,n<10,0
2018,14400,Oakville School District,311,16,5.10%,n<10,n<10,n<10,n<10,n<10,n<10,0,0.00%,0,0.00%,n<10,n<10,0,0.00%,n<10,n<10,n<10,n<10,n<10,n<10,15,93.80%,n<10,n<10,0,0.00%,n<10,n<10,n<10,n<10,n<10,n<10,n<10,n<10,n<10,n<10,0.051446945,5.1
2018,25101,Ocean Beach School District,1245,201,16.10%,102,50.70%,99,49.30%,n<10,n<10,0,0.00%,n<10,n<10,61,30%,n<10,n<10,n<10,n<10,126,62.70%,30,14.90%,198,98.50%,19,9.50%,18,9.00%,62,30.80%,58,28.90%,n<10,n<10,n<10,n<10,14,7.00%,0.161445783,16.1
2018,14172,Ocosta School District,677,158,23.30%,87,55.10%,71,44.90%,n<10,n<10,0,0.00%,0,0.00%,59,37%,0,0.00%,15,9.50%,78,49.40%,15,9.50%,154,97.50%,34,21.50%,n<10,n<10,40,25.30%,13,8.20%,n<10,n<10,n<10,n<10,22,13.90%,0.23338257,23.3
2018,22105,Odessa School District,307,0,0.00%,0,-,0,-,0,-,0,-,0,-,0,-,0,-,0,-,0,-,0,-,0,-,0,-,0,-,0,-,0,-,0,-,0,-,0,-,0,0
2018,34974,Office of the Governor (Sch for Blind),54,n<10,n<10,n<10,n<10,0,n<10,0,n<10,0,n<10,0,n<10,n<10,n<10,0,n<10,0,n<10,0,n<10,n<10,n<10,n<10,n<10,0,n<10,0,n<10,n<10,n<10,n<10,n<10,n<10,n<10,n<10,n<10,n<10,n<10,n<10,0
2018,24105,Okanogan School District,1520,98,6.40%,40,40.80%,58,59.20%,12,12.20%,0,0.00%,0,0.00%,29,30%,0,0.00%,11,11.20%,46,46.90%,43,43.90%,91,92.90%,n<10,n<10,n<10,n<10,11,11.20%,41,41.80%,n<10,n<10,n<10,n<10,n<10,n<10,0.064473684,6.4
2018,34111,Olympia School District,11207,289,2.60%,139,48.10%,150,51.90%,n<10,n<10,10,3.50%,27,9.30%,57,20%,n<10,n<10,54,18.70%,129,44.60%,49,17.00%,287,99.30%,21,7.30%,n<10,n<10,72,24.90%,42,14.50%,n<10,n<10,n<10,n<10,27,9.30%,0.025787454,2.6
2018,18801,Olympic Educational Service District 114,310,0,0.00%,0,-,0,-,0,-,0,-,0,-,0,-,0,-,0,-,0,-,0,-,0,-,0,-,0,-,0,-,0,-,0,-,0,-,0,-,0,0
2018,24019,Omak School District,7073,117,1.70%,58,49.60%,59,50.40%,62,53.00%,0,0.00%,0,0.00%,13,11%,0,0.00%,n<10,n<10,36,30.80%,25,21.40%,104,88.90%,n<10,n<10,n<10,n<10,19,16.20%,14,12.00%,n<10,n<10,n<10,n<10,n<10,n<10,0.016541779,1.7
2018,21300,Onalaska School District,1002,40,4.00%,25,62.50%,15,37.50%,n<10,n<10,0,0.00%,0,0.00%,n<10,n<10,0,0.00%,n<10,n<10,26,65.00%,n<10,n<10,40,100.00%,n<10,n<10,0,0.00%,11,27.50%,14,35.00%,n<10,n<10,n<10,n<10,n<10,n<10,0.03992016,4
2018,33030,Onion Creek School District,46,n<10,n<10,n<10,n<10,n<10,n<10,0,n<10,0,n<10,0,n<10,0,n<10,0,n<10,0,n<10,n<10,n<10,n<10,n<10,n<10,n<10,0,n<10,0,n<10,0,n<10,n<10,n<10,n<10,n<10,n<10,n<10,n<10,n<10,n<10,0
2018,28137,Orcas Island School District,894,18,2.00%,11,61.10%,n<10,n<10,n<10,n<10,0,0.00%,0,0.00%,n<10,n<10,0,0.00%,0,0.00%,12,66.70%,n<10,n<10,18,100.00%,n<10,n<10,0,0.00%,n<10,n<10,n<10,n<10,n<10,n<10,n<10,n<10,n<10,n<10,0.020134228,2
2018,32123,Orchard Prairie School District,92,0,0.00%,0,-,0,-,0,-,0,-,0,-,0,-,0,-,0,-,0,-,0,-,0,-,0,-,0,-,0,-,0,-,0,-,0,-,0,-,0,0
2018,10065,Orient School District,118,n<10,n<10,n<10,n<10,0,n<10,0,n<10,0,n<10,0,n<10,0,n<10,0,n<10,0,n<10,n<10,n<10,n<10,n<10,n<10,n<10,0,n<10,0,n<10,0,n<10,n<10,n<10,n<10,n<10,n<10,n<10,n<10,n<10,n<10,0
2018,09013,Orondo School District,224,95,42.40%,38,40.00%,57,60.00%,0,0.00%,0,0.00%,0,0.00%,92,97%,0,0.00%,0,0.00%,n<10,n<10,n<10,n<10,94,98.90%,53,55.80%,32,33.70%,10,10.50%,45,47.40%,n<10,n<10,n<10,n<10,n<10,n<10,0.424107143,42.4
2018,24410,Oroville School District,686,24,3.50%,13,54.20%,11,45.80%,0,0.00%,0,0.00%,n<10,n<10,14,58%,0,0.00%,0,0.00%,n<10,n<10,n<10,n<10,23,95.80%,n<10,n<10,n<10,n<10,n<10,n<10,n<10,n<10,n<10,n<10,n<10,n<10,n<10,n<10,0.034985423,3.5
2018,27344,Orting School District,2924,66,2.30%,33,50.00%,33,50.00%,0,0.00%,0,0.00%,0,0.00%,n<10,n<10,0,0.00%,n<10,n<10,49,74.20%,16,24.20%,66,100.00%,n<10,n<10,0,0.00%,18,27.30%,12,18.20%,n<10,n<10,n<10,n<10,n<10,n<10,0.022571819,2.3
2018,01147,Othello School District,4860,106,2.20%,53,50.00%,53,50.00%,0,0.00%,0,0.00%,0,0.00%,100,94%,0,0.00%,0,0.00%,n<10,n<10,14,13.20%,105,99.10%,66,62.30%,60,56.60%,15,14.20%,74,69.80%,n<10,n<10,n<10,n<10,n<10,n<10,0.0218107,2.2
2018,09102,Palisades School District,30,n<10,n<10,0,n<10,n<10,n<10,0,n<10,0,n<10,0,n<10,0,n<10,0,n<10,0,n<10,n<10,n<10,0,n<10,n<10,n<10,0,n<10,0,n<10,0,n<10,n<10,n<10,0,n<10,n<10,n<10,n<10,n<10,n<10,0
2018,38301,Palouse School District,217,0,0.00%,0,-,0,-,0,-,0,-,0,-,0,-,0,-,0,-,0,-,0,-,0,-,0,-,0,-,0,-,0,-,0,-,0,-,0,-,0,0
2018,11001,Pasco School District,20271,524,2.60%,263,50.20%,261,49.80%,0,0.00%,n<10,n<10,18,3.40%,416,79%,n<10,n<10,13,2.50%,75,14.30%,n<10,n<10,472,90.10%,229,43.70%,85,16.20%,97,18.50%,68,13.00%,n<10,n<10,n<10,n<10,59,11.30%,0.025849736,2.6
2018,24122,Pateros School District,372,n<10,n<10,0,n<10,n<10,n<10,0,n<10,0,n<10,0,n<10,n<10,n<10,0,n<10,0,n<10,n<10,n<10,n<10,n<10,n<10,n<10,n<10,n<10,n<10,n<10,n<10,n<10,n<10,n<10,n<10,n<10,n<10,n<10,n<10,n<10,n<10,0
2018,03050,Paterson School District,136,0,0.00%,0,-,0,-,0,-,0,-,0,-,0,-,0,-,0,-,0,-,0,-,0,-,0,-,0,-,0,-,0,-,0,-,0,-,0,-,0,0
2018,21301,Pe Ell School District,314,24,7.60%,14,58.30%,10,41.70%,n<10,n<10,0,0.00%,0,0.00%,n<10,n<10,0,0.00%,n<10,n<10,21,87.50%,14,58.30%,24,100.00%,0,0.00%,0,0.00%,n<10,n<10,n<10,n<10,n<10,n<10,n<10,n<10,n<10,n<10,0.076433121,7.6
2018,27401,Peninsula School District,10064,204,2.00%,109,53.40%,95,46.60%,0,0.00%,0,0.00%,10,4.90%,35,17%,0,0.00%,27,13.20%,132,64.70%,n<10,n<10,199,97.50%,13,6.40%,0,0.00%,50,24.50%,19,9.30%,n<10,n<10,n<10,n<10,15,7.40%,0.02027027,2
2018,23402,Pioneer School District,918,38,4.10%,23,60.50%,15,39.50%,n<10,n<10,0,0.00%,n<10,n<10,n<10,n<10,0,0.00%,n<10,n<10,29,76.30%,n<10,n<10,38,100.00%,0,0.00%,0,0.00%,n<10,n<10,n<10,n<10,n<10,n<10,n<10,n<10,n<10,n<10,0.041394336,4.1
2018,12110,Pomeroy School District,415,0,0.00%,0,-,0,-,0,-,0,-,0,-,0,-,0,-,0,-,0,-,0,-,0,-,0,-,0,-,0,-,0,-,0,-,0,-,0,-,0,0
2018,05121,Port Angeles School District,4163,142,3.40%,70,49.30%,72,50.70%,20,14.10%,n<10,n<10,n<10,n<10,18,13%,0,0.00%,22,15.50%,80,56.30%,n<10,n<10,141,99.30%,n<10,n<10,0,0.00%,35,24.60%,59,41.50%,n<10,n<10,n<10,n<10,12,8.50%,0.034110017,3.4
2018,16050,Port Townsend School District,1286,25,1.90%,13,52.00%,12,48.00%,0,0.00%,0,0.00%,0,0.00%,n<10,n<10,0,0.00%,n<10,n<10,16,64.00%,n<10,n<10,23,92.00%,n<10,n<10,0,0.00%,n<10,n<10,n<10,n<10,n<10,n<10,n<10,n<10,n<10,n<10,0.019440124,1.9
2018,36402,Prescott School District,296,0,0.00%,0,-,0,-,0,-,0,-,0,-,0,-,0,-,0,-,0,-,0,-,0,-,0,-,0,-,0,-,0,-,0,-,0,-,0,-,0,0
2018,32907,PRIDE Prep Charter School District,435,n<10,n<10,0,n<10,n<10,n<10,0,n<10,0,n<10,0,n<10,0,n<10,0,n<10,0,n<10,n<10,n<10,n<10,n<10,n<10,n<10,0,n<10,0,n<10,0,n<10,n<10,n<10,n<10,n<10,n<10,n<10,n<10,n<10,n<10,0
2018,03116,Prosser School District,3008,137,4.60%,79,57.70%,58,42.30%,0,0.00%,n<10,n<10,0,0.00%,97,71%,0,0.00%,n<10,n<10,38,27.70%,n<10,n<10,136,99.30%,38,27.70%,24,17.50%,27,19.70%,76,55.50%,n<10,n<10,n<10,n<10,13,9.50%,0.045545213,4.6
2018,38267,Pullman School District,3142,91,2.90%,45,49.50%,46,50.50%,n<10,n<10,0,0.00%,n<10,n<10,17,19%,0,0.00%,13,14.30%,51,56.00%,n<10,n<10,89,97.80%,n<10,n<10,0,0.00%,25,27.50%,22,24.20%,n<10,n<10,n<10,n<10,n<10,n<10,0.028962444,2.9
2018,27003,Puyallup School District,26390,524,2.00%,261,49.80%,263,50.20%,31,5.90%,n<10,n<10,43,8.20%,102,19%,15,2.90%,72,13.70%,256,48.90%,107,20.40%,497,94.80%,26,5.00%,0,0.00%,105,20.00%,61,11.60%,n<10,n<10,n<10,n<10,53,10.10%,0.019856006,2
2018,16020,Queets-Clearwater School District,30,0,0.00%,0,-,0,-,0,-,0,-,0,-,0,-,0,-,0,-,0,-,0,-,0,-,0,-,0,-,0,-,0,-,0,-,0,-,0,-,0,0
2018,16048,Quilcene School District,775,n<10,n<10,n<10,n<10,n<10,n<10,0,n<10,0,n<10,0,n<10,n<10,n<10,0,n<10,0,n<10,n<10,n<10,n<10,n<10,n<10,n<10,0,n<10,0,n<10,n<10,n<10,n<10,n<10,n<10,n<10,n<10,n<10,n<10,n<10,n<10,0
2018,05903,Quileute Tribal School District,95,n<10,n<10,n<10,n<10,n<10,n<10,0,n<10,0,n<10,n<10,n<10,n<10,n<10,0,n<10,0,n<10,n<10,n<10,n<10,n<10,n<10,n<10,0,n<10,0,n<10,0,n<10,n<10,n<10,n<10,n<10,n<10,n<10,n<10,n<10,n<10,0
2018,05402,Quillayute Valley School District,4424,281,6.40%,98,34.90%,183,65.10%,13,4.60%,n<10,n<10,12,4.30%,73,26%,n<10,n<10,35,12.50%,138,49.10%,n<10,n<10,212,75.40%,14,5.00%,n<10,n<10,51,18.10%,112,39.90%,n<10,n<10,n<10,n<10,n<10,n<10,0.063517179,6.4
2018,13144,Quincy School District,3219,93,2.90%,47,50.50%,46,49.50%,0,0.00%,0,0.00%,n<10,n<10,87,94%,0,0.00%,0,0.00%,n<10,n<10,25,26.90%,93,100.00%,48,51.60%,31,33.30%,11,11.80%,26,28.00%,n<10,n<10,n<10,n<10,n<10,n<10,0.02889096,2.9
2018,17908,Rainier Prep Charter School District,345,n<10,n<10,n<10,n<10,n<10,n<10,0,n<10,n<10,n<10,n<10,n<10,n<10,n<10,0,n<10,n<10,n<10,n<10,n<10,n<10,n<10,n<10,n<10,n<10,n<10,0,n<10,0,n<10,n<10,n<10,n<10,n<10,n<10,n<10,n<10,n<10,n<10,0
2018,34307,Rainier School District,999,25,2.50%,11,44.00%,14,56.00%,0,0.00%,0,0.00%,0,0.00%,n<10,n<10,0,0.00%,n<10,n<10,15,60.00%,n<10,n<10,25,100.00%,0,0.00%,0,0.00%,n<10,n<10,n<10,n<10,n<10,n<10,n<10,n<10,n<10,n<10,0.025025025,2.5
2018,25116,Raymond School District,754,84,11.10%,50,59.50%,34,40.50%,n<10,n<10,n<10,n<10,0,0.00%,31,37%,n<10,n<10,n<10,n<10,39,46.40%,n<10,n<10,70,83.30%,16,19.00%,0,0.00%,21,25.00%,24,28.60%,n<10,n<10,n<10,n<10,n<10,n<10,0.111405836,11.1
2018,22009,Reardan-Edwall School District,694,n<10,n<10,n<10,n<10,n<10,n<10,0,n<10,0,n<10,0,n<10,n<10,n<10,0,n<10,0,n<10,n<10,n<10,n<10,n<10,n<10,n<10,0,n<10,0,n<10,n<10,n<10,n<10,n<10,n<10,n<10,n<10,n<10,n<10,n<10,n<10,0
2018,17403,Renton School District,18033,629,3.50%,317,50.40%,312,49.60%,11,1.70%,34,5.40%,187,29.70%,194,31%,22,3.50%,84,13.40%,97,15.40%,52,8.30%,620,98.60%,110,17.50%,0,0.00%,122,19.40%,231,36.70%,11,1.70%,n<10,n<10,73,11.60%,0.034880497,3.5
2018,10309,Republic School District,463,n<10,n<10,n<10,n<10,n<10,n<10,0,n<10,0,n<10,0,n<10,n<10,n<10,0,n<10,0,n<10,n<10,n<10,n<10,n<10,n<10,n<10,0,n<10,0,n<10,n<10,n<10,n<10,n<10,n<10,n<10,n<10,n<10,n<10,n<10,n<10,0
2018,03400,Richland School District,15581,214,1.40%,106,49.50%,108,50.50%,0,0.00%,n<10,n<10,10,4.70%,81,38%,0,0.00%,14,6.50%,108,50.50%,n<10,n<10,193,90.20%,12,5.60%,18,8.40%,43,20.10%,36,16.80%,n<10,n<10,n<10,n<10,10,4.70%,0.013734677,1.4
2018,06122,Ridgefield School District,3302,91,2.80%,45,49.50%,46,50.50%,0,0.00%,n<10,n<10,0,0.00%,20,22%,n<10,n<10,n<10,n<10,62,68.10%,23,25.30%,91,100.00%,n<10,n<10,0,0.00%,19,20.90%,13,14.30%,n<10,n<10,n<10,n<10,n<10,n<10,0.027559055,2.8
2018,01160,Ritzville School District,430,14,3.30%,n<10,n<10,n<10,n<10,0,0.00%,0,0.00%,0,0.00%,n<10,n<10,0,0.00%,0,0.00%,n<10,n<10,n<10,n<10,12,85.70%,0,0.00%,0,0.00%,0,0.00%,n<10,n<10,n<10,n<10,n<10,n<10,n<10,n<10,0.03255814,3.3
2018,32416,Riverside School District,1757,44,2.50%,26,59.10%,18,40.90%,n<10,n<10,0,0.00%,0,0.00%,n<10,n<10,0,0.00%,n<10,n<10,35,79.50%,n<10,n<10,41,93.20%,n<10,n<10,0,0.00%,n<10,n<10,n<10,n<10,n<10,n<10,n<10,n<10,n<10,n<10,0.025042686,2.5
2018,17407,Riverview School District,3628,57,1.60%,30,52.60%,27,47.40%,n<10,n<10,0,0.00%,0,0.00%,17,30%,0,0.00%,n<10,n<10,36,63.20%,n<10,n<10,57,100.00%,n<10,n<10,0,0.00%,21,36.80%,n<10,n<10,n<10,n<10,n<10,n<10,n<10,n<10,0.015711136,1.6
2018,34401,Rochester School District,2586,136,5.30%,70,51.50%,66,48.50%,0,0.00%,0,0.00%,n<10,n<10,29,21%,0,0.00%,14,10.30%,92,67.60%,25,18.40%,135,99.30%,11,8.10%,10,7.40%,31,22.80%,42,30.90%,n<10,n<10,n<10,n<10,n<10,n<10,0.052590874,5.3
2018,20403,Roosevelt School District,30,n<10,n<10,n<10,n<10,n<10,n<10,0,n<10,0,n<10,0,n<10,n<10,n<10,0,n<10,0,n<10,n<10,n<10,n<10,n<10,0,n<10,n<10,n<10,0,n<10,0,n<10,n<10,n<10,n<10,n<10,n<10,n<10,n<10,n<10,n<10,0
2018,38320,Rosalia School District,214,n<10,n<10,n<10,n<10,n<10,n<10,0,n<10,0,n<10,0,n<10,0,n<10,0,n<10,0,n<10,n<10,n<10,n<10,n<10,n<10,n<10,0,n<10,0,n<10,n<10,n<10,n<10,n<10,n<10,n<10,n<10,n<10,n<10,n<10,n<10,0
2018,13160,Royal School District,1885,176,9.30%,87,49.40%,89,50.60%,0,0.00%,0,0.00%,0,0.00%,168,95%,0,0.00%,n<10,n<10,n<10,n<10,25,14.20%,172,97.70%,105,59.70%,58,33.00%,26,14.80%,83,47.20%,n<10,n<10,n<10,n<10,11,6.30%,0.0933687,9.3
2018,28149,San Juan Island School District,855,27,3.20%,15,55.60%,12,44.40%,n<10,n<10,n<10,n<10,0,0.00%,n<10,n<10,0,0.00%,n<10,n<10,17,63.00%,n<10,n<10,27,100.00%,n<10,n<10,0,0.00%,n<10,n<10,n<10,n<10,n<10,n<10,n<10,n<10,n<10,n<10,0.031578947,3.2
2018,14104,Satsop School District,68,n<10,n<10,n<10,n<10,0,n<10,0,n<10,0,n<10,0,n<10,n<10,n<10,0,n<10,0,n<10,0,n<10,n<10,n<10,n<10,n<10,0,n<10,0,n<10,0,n<10,n<10,n<10,n<10,n<10,n<10,n<10,n<10,n<10,n<10,0
2018,17001,Seattle School District,59184,4169,7.00%,2190,52.50%,1979,47.50%,55,1.30%,353,8.50%,1697,40.70%,971,23%,66,1.60%,506,12.10%,521,12.50%,711,17.10%,4016,96.30%,1005,24.10%,71,1.70%,887,21.30%,722,17.30%,21,0.50%,65,1.60%,232,5.60%,0.070441335,7
2018,29101,Sedro-Woolley School District,5045,276,5.50%,145,52.50%,131,47.50%,n<10,n<10,0,0.00%,n<10,n<10,105,38%,0,0.00%,15,5.40%,146,52.90%,36,13.00%,276,100.00%,54,19.60%,43,15.60%,49,17.80%,87,31.50%,n<10,n<10,n<10,n<10,15,5.40%,0.054707631,5.5
2018,39119,Selah School District,4270,38,0.90%,21,55.30%,17,44.70%,n<10,n<10,0,0.00%,n<10,n<10,13,34%,0,0.00%,n<10,n<10,20,52.60%,n<10,n<10,37,97.40%,n<10,n<10,n<10,n<10,n<10,n<10,15,39.50%,n<10,n<10,n<10,n<10,n<10,n<10,0.008899297,0.9
2018,26070,Selkirk School District,294,22,7.50%,10,45.50%,12,54.50%,0,0.00%,0,0.00%,0,0.00%,n<10,n<10,0,0.00%,n<10,n<10,15,68.20%,n<10,n<10,22,100.00%,0,0.00%,0,0.00%,n<10,n<10,n<10,n<10,n<10,n<10,n<10,n<10,n<10,n<10,0.074829932,7.5
2018,05323,Sequim School District,3061,184,6.00%,102,55.40%,82,44.60%,n<10,n<10,0,0.00%,n<10,n<10,35,19%,0,0.00%,10,5.40%,131,71.20%,42,22.80%,183,99.50%,n<10,n<10,0,0.00%,53,28.80%,38,20.70%,n<10,n<10,n<10,n<10,20,10.90%,0.060111075,6
2018,28010,Shaw Island School District,12,0,0.00%,0,-,0,-,0,-,0,-,0,-,0,-,0,-,0,-,0,-,0,-,0,-,0,-,0,-,0,-,0,-,0,-,0,-,0,-,0,0
2018,23309,Shelton School District,5207,503,9.70%,257,51.10%,246,48.90%,10,2.00%,n<10,n<10,10,2.00%,223,44%,0,0.00%,44,8.70%,215,42.70%,85,16.90%,490,97.40%,145,28.80%,17,3.40%,89,17.70%,72,14.30%,n<10,n<10,n<10,n<10,61,12.10%,0.09660073,9.7
2018,17412,Shoreline School District,10464,315,3.00%,149,47.30%,166,52.70%,n<10,n<10,18,5.70%,48,15.20%,79,25%,n<10,n<10,40,12.70%,119,37.80%,36,11.40%,310,98.40%,54,17.10%,0,0.00%,77,24.40%,61,19.40%,n<10,n<10,n<10,n<10,20,6.30%,0.030103211,3
2018,30002,Skamania School District,106,n<10,n<10,n<10,n<10,0,n<10,0,n<10,0,n<10,0,n<10,0,n<10,0,n<10,0,n<10,n<10,n<10,n<10,n<10,n<10,n<10,0,n<10,0,n<10,0,n<10,n<10,n<10,n<10,n<10,n<10,n<10,n<10,n<10,n<10,0
2018,17404,Skykomish School District,67,0,0.00%,0,-,0,-,0,-,0,-,0,-,0,-,0,-,0,-,0,-,0,-,0,-,0,-,0,-,0,-,0,-,0,-,0,-,0,-,0,0
2018,31201,Snohomish School District,10716,122,1.10%,69,56.60%,53,43.40%,n<10,n<10,n<10,n<10,n<10,n<10,28,23%,0,0.00%,12,9.80%,73,59.80%,21,17.20%,122,100.00%,10,8.20%,n<10,n<10,39,32.00%,14,11.50%,n<10,n<10,n<10,n<10,14,11.50%,0.011384845,1.1
2018,17410,Snoqualmie Valley School District,7552,68,0.90%,31,45.60%,37,54.40%,0,0.00%,n<10,n<10,n<10,n<10,15,22%,n<10,n<10,n<10,n<10,39,57.40%,13,19.10%,68,100.00%,11,16.20%,0,0.00%,20,29.40%,n<10,n<10,n<10,n<10,n<10,n<10,n<10,n<10,0.009004237,0.9
2018,13156,Soap Lake School District,700,55,7.90%,33,60.00%,22,40.00%,n<10,n<10,0,0.00%,0,0.00%,35,64%,0,0.00%,n<10,n<10,17,30.90%,n<10,n<10,51,92.70%,17,30.90%,11,20.00%,13,23.60%,11,20.00%,n<10,n<10,n<10,n<10,11,20.00%,0.078571429,7.9
2018,27909,SOAR Academy Charter District,216,n<10,n<10,n<10,n<10,n<10,n<10,0,n<10,0,n<10,n<10,n<10,n<10,n<10,0,n<10,n<10,n<10,0,n<10,n<10,n<10,n<10,n<10,n<10,n<10,0,n<10,n<10,n<10,n<10,n<10,n<10,n<10,n<10,n<10,n<10,n<10,n<10,0
2018,25118,South Bend School District,740,69,9.30%,32,46.40%,37,53.60%,0,0.00%,n<10,n<10,0,0.00%,47,68%,0,0.00%,n<10,n<10,17,24.60%,n<10,n<10,67,97.10%,31,44.90%,n<10,n<10,n<10,n<10,21,30.40%,n<10,n<10,n<10,n<10,n<10,n<10,0.093243243,9.3
2018,18402,South Kitsap School District,10836,204,1.90%,111,54.40%,93,45.60%,n<10,n<10,n<10,n<10,n<10,n<10,31,15%,11,5.40%,30,14.70%,122,59.80%,22,10.80%,190,93.10%,n<10,n<10,0,0.00%,42,20.60%,37,18.10%,n<10,n<10,n<10,n<10,19,9.30%,0.018826135,1.9
2018,15206,South Whidbey School District,1531,104,6.80%,56,53.80%,48,46.20%,0,0.00%,n<10,n<10,n<10,n<10,18,17%,0,0.00%,n<10,n<10,78,75.00%,39,37.50%,104,100.00%,n<10,n<10,0,0.00%,19,18.30%,n<10,n<10,n<10,n<10,n<10,n<10,17,16.30%,0.067929458,6.8
2018,23042,Southside School District,239,31,13.00%,15,48.40%,16,51.60%,n<10,n<10,0,0.00%,n<10,n<10,n<10,n<10,0,0.00%,n<10,n<10,21,67.70%,n<10,n<10,28,90.30%,0,0.00%,0,0.00%,n<10,n<10,n<10,n<10,n<10,n<10,n<10,n<10,n<10,n<10,0.129707113,13
2018,32901,Spokane International Academy,456,n<10,n<10,n<10,n<10,n<10,n<10,0,n<10,0,n<10,0,n<10,n<10,n<10,0,n<10,n<10,n<10,n<10,n<10,n<10,n<10,n<10,n<10,0,n<10,0,n<10,n<10,n<10,n<10,n<10,n<10,n<10,n<10,n<10,n<10,n<10,n<10,0
2018,32081,Spokane School District,36245,1449,4.00%,708,48.90%,741,51.10%,32,2.20%,n<10,n<10,95,6.60%,229,16%,40,2.80%,276,19.00%,772,53.30%,482,33.30%,1443,99.60%,83,5.70%,n<10,n<10,381,26.30%,341,23.50%,12,0.80%,17,1.20%,182,12.60%,0.039977928,4
2018,22008,Sprague School District,95,n<10,n<10,n<10,n<10,n<10,n<10,0,n<10,0,n<10,0,n<10,0,n<10,0,n<10,0,n<10,n<10,n<10,n<10,n<10,n<10,n<10,0,n<10,0,n<10,n<10,n<10,n<10,n<10,n<10,n<10,n<10,n<10,n<10,n<10,n<10,0
2018,38322,St. John School District,168,n<10,n<10,0,n<10,n<10,n<10,0,n<10,0,n<10,0,n<10,0,n<10,0,n<10,0,n<10,n<10,n<10,n<10,n<10,n<10,n<10,0,n<10,0,n<10,0,n<10,n<10,n<10,n<10,n<10,n<10,n<10,n<10,n<10,n<10,0
2018,31401,Stanwood-Camano School District,4957,168,3.40%,78,46.40%,90,53.60%,n<10,n<10,0,0.00%,n<10,n<10,39,23%,n<10,n<10,27,16.10%,96,57.10%,39,23.20%,166,98.80%,11,6.50%,n<10,n<10,36,21.40%,n<10,n<10,n<10,n<10,n<10,n<10,22,13.10%,0.033891467,3.4
2018,11054,Star School District No. 054,13,0,0.00%,0,-,0,-,0,-,0,-,0,-,0,-,0,-,0,-,0,-,0,-,0,-,0,-,0,-,0,-,0,-,0,-,0,-,0,-,0,0
2018,07035,Starbuck School District,35,n<10,n<10,0,n<10,n<10,n<10,0,n<10,0,n<10,0,n<10,0,n<10,0,n<10,0,n<10,n<10,n<10,n<10,n<10,0,n<10,0,n<10,0,n<10,0,n<10,n<10,n<10,n<10,n<10,n<10,n<10,n<10,n<10,n<10,0
2018,04069,Stehekin School District,n<10,0,n<10,0,-,0,-,0,-,0,-,0,-,0,-,0,-,0,-,0,-,0,-,0,-,0,-,0,-,0,-,0,-,0,-,0,-,0,-,n<10,0
2018,27001,Steilacoom Hist. School District,3630,50,1.40%,29,58.00%,21,42.00%,0,0.00%,n<10,n<10,16,32.00%,n<10,n<10,n<10,n<10,n<10,n<10,17,34.00%,n<10,n<10,50,100.00%,n<10,n<10,0,0.00%,12,24.00%,n<10,n<10,n<10,n<10,n<10,n<10,n<10,n<10,0.013774105,1.4
2018,38304,Steptoe School District,67,0,0.00%,0,-,0,-,0,-,0,-,0,-,0,-,0,-,0,-,0,-,0,-,0,-,0,-,0,-,0,-,0,-,0,-,0,-,0,-,0,0
2018,30303,Stevenson-Carson School District,1026,51,5.00%,21,41.20%,30,58.80%,n<10,n<10,0,0.00%,0,0.00%,12,24%,0,0.00%,n<10,n<10,32,62.70%,n<10,n<10,51,100.00%,n<10,n<10,n<10,n<10,n<10,n<10,13,25.50%,n<10,n<10,n<10,n<10,n<10,n<10,0.049707602,5
2018,31311,Sultan School District,2329,47,2.00%,22,46.80%,25,53.20%,n<10,n<10,0,0.00%,n<10,n<10,n<10,n<10,0,0.00%,n<10,n<10,34,72.30%,n<10,n<10,46,97.90%,n<10,n<10,0,0.00%,n<10,n<10,10,21.30%,n<10,n<10,n<10,n<10,n<10,n<10,0.020180335,2
2018,17905,Summit Public School: Atlas,219,n<10,n<10,n<10,n<10,n<10,n<10,0,n<10,0,n<10,0,n<10,n<10,n<10,0,n<10,n<10,n<10,0,n<10,n<10,n<10,n<10,n<10,0,n<10,0,n<10,n<10,n<10,n<10,n<10,n<10,n<10,n<10,n<10,n<10,n<10,n<10,0
2018,27905,Summit Public School: Olympus,188,n<10,n<10,n<10,n<10,n<10,n<10,0,n<10,0,n<10,n<10,n<10,n<10,n<10,0,n<10,0,n<10,n<10,n<10,n<10,n<10,n<10,n<10,0,n<10,0,n<10,0,n<10,n<10,n<10,n<10,n<10,n<10,n<10,n<10,n<10,n<10,0
2018,17902,Summit Public School: Sierra,344,n<10,n<10,0,n<10,n<10,n<10,0,n<10,n<10,n<10,n<10,n<10,n<10,n<10,0,n<10,n<10,n<10,0,n<10,n<10,n<10,n<10,n<10,0,n<10,0,n<10,n<10,n<10,n<10,n<10,n<10,n<10,n<10,n<10,n<10,n<10,n<10,0
2018,33202,Summit Valley School District,96,0,0.00%,0,-,0,-,0,-,0,-,0,-,0,-,0,-,0,-,0,-,0,-,0,-,0,-,0,-,0,-,0,-,0,-,0,-,0,-,0,0
2018,27320,Sumner School District,10635,269,2.50%,122,45.40%,147,54.60%,n<10,n<10,n<10,n<10,n<10,n<10,37,14%,n<10,n<10,37,13.80%,180,66.90%,33,12.30%,268,99.60%,n<10,n<10,n<10,n<10,52,19.30%,52,19.30%,n<10,n<10,n<10,n<10,21,7.80%,0.025293841,2.5
2018,39201,Sunnyside School District,7408,438,5.90%,234,53.40%,204,46.60%,0,0.00%,0,0.00%,n<10,n<10,426,97%,0,0.00%,n<10,n<10,10,2.30%,13,3.00%,400,91.30%,197,45.00%,135,30.80%,72,16.40%,197,45.00%,n<10,n<10,n<10,n<10,33,7.50%,0.05912527,5.9
2018,18902,Suquamish Tribal Education Department,83,n<10,n<10,0,n<10,n<10,n<10,0,n<10,0,n<10,0,n<10,0,n<10,0,n<10,n<10,n<10,0,n<10,0,n<10,n<10,n<10,0,n<10,0,n<10,0,n<10,n<10,n<10,0,n<10,n<10,n<10,n<10,n<10,n<10,0
2018,27010,Tacoma School District,34931,2100,6.00%,951,45.30%,1149,54.70%,47,2.20%,74,3.50%,599,28.50%,416,20%,127,6.00%,385,18.30%,452,21.50%,296,14.10%,1582,75.30%,212,10.10%,n<10,n<10,434,20.70%,796,37.90%,11,0.50%,n<10,n<10,308,14.70%,0.060118519,6
2018,14077,Taholah School District,193,45,23.30%,18,40.00%,27,60.00%,31,68.90%,0,0.00%,0,0.00%,n<10,n<10,0,0.00%,n<10,n<10,n<10,n<10,n<10,n<10,45,100.00%,0,0.00%,n<10,n<10,n<10,n<10,10,22.20%,n<10,n<10,n<10,n<10,11,24.40%,0.233160622,23.3
2018,17409,Tahoma School District,9187,60,0.70%,33,55.00%,27,45.00%,0,0.00%,n<10,n<10,n<10,n<10,12,20%,0,0.00%,n<10,n<10,30,50.00%,n<10,n<10,60,100.00%,n<10,n<10,0,0.00%,n<10,n<10,10,16.70%,n<10,n<10,n<10,n<10,n<10,n<10,0.006530968,0.7
2018,38265,Tekoa School District,261,n<10,n<10,n<10,n<10,n<10,n<10,0,n<10,0,n<10,0,n<10,0,n<10,0,n<10,0,n<10,n<10,n<10,n<10,n<10,n<10,n<10,0,n<10,0,n<10,0,n<10,n<10,n<10,n<10,n<10,n<10,n<10,n<10,n<10,n<10,0
2018,34402,Tenino School District,1453,47,3.20%,22,46.80%,25,53.20%,n<10,n<10,0,0.00%,0,0.00%,n<10,n<10,0,0.00%,n<10,n<10,41,87.20%,n<10,n<10,47,100.00%,0,0.00%,0,0.00%,14,29.80%,13,27.70%,n<10,n<10,n<10,n<10,n<10,n<10,0.032346869,3.2
2018,19400,Thorp School District,221,n<10,n<10,n<10,n<10,n<10,n<10,0,n<10,0,n<10,0,n<10,0,n<10,0,n<10,0,n<10,n<10,n<10,n<10,n<10,n<10,n<10,0,n<10,0,n<10,0,n<10,n<10,n<10,n<10,n<10,n<10,n<10,n<10,n<10,n<10,0
2018,21237,Toledo School District,870,101,11.60%,58,57.40%,43,42.60%,n<10,n<10,0,0.00%,0,0.00%,17,17%,0,0.00%,n<10,n<10,78,77.20%,23,22.80%,99,98.00%,0,0.00%,0,0.00%,19,18.80%,23,22.80%,n<10,n<10,n<10,n<10,n<10,n<10,0.116091954,11.6
2018,24404,Tonasket School District,1302,116,8.90%,68,58.60%,48,41.40%,n<10,n<10,0,0.00%,n<10,n<10,44,38%,0,0.00%,n<10,n<10,59,50.90%,n<10,n<10,114,98.30%,14,12.10%,26,22.40%,27,23.30%,42,36.20%,n<10,n<10,n<10,n<10,10,8.60%,0.089093702,8.9
2018,39202,Toppenish School District,5558,254,4.60%,118,46.50%,136,53.50%,58,22.80%,0,0.00%,0,0.00%,184,72%,n<10,n<10,n<10,n<10,n<10,n<10,n<10,n<10,251,98.80%,97,38.20%,75,29.50%,22,8.70%,117,46.10%,n<10,n<10,n<10,n<10,12,4.70%,0.045699892,4.6
2018,36300,Touchet School District,222,24,10.80%,15,62.50%,n<10,n<10,0,0.00%,0,0.00%,0,0.00%,12,50%,0,0.00%,0,0.00%,12,50.00%,n<10,n<10,24,100.00%,n<10,n<10,0,0.00%,n<10,n<10,n<10,n<10,n<10,n<10,n<10,n<10,n<10,n<10,0.108108108,10.8
2018,08130,Toutle Lake School District,753,38,5.00%,20,52.60%,18,47.40%,n<10,n<10,0,0.00%,0,0.00%,n<10,n<10,0,0.00%,0,0.00%,31,81.60%,n<10,n<10,38,100.00%,0,0.00%,0,0.00%,n<10,n<10,n<10,n<10,n<10,n<10,n<10,n<10,n<10,n<10,0.050464807,5
2018,20400,Trout Lake School District,258,0,0.00%,0,-,0,-,0,-,0,-,0,-,0,-,0,-,0,-,0,-,0,-,0,-,0,-,0,-,0,-,0,-,0,-,0,-,0,-,0,0
2018,17406,Tukwila School District,3535,345,9.80%,175,50.70%,170,49.30%,n<10,n<10,41,11.90%,110,31.90%,107,31%,18,5.20%,42,12.20%,24,7.00%,13,3.80%,342,99.10%,116,33.60%,n<10,n<10,52,15.10%,90,26.10%,n<10,n<10,n<10,n<10,n<10,n<10,0.097595474,9.8
2018,34033,Tumwater School District,8080,210,2.60%,105,50.00%,105,50.00%,n<10,n<10,n<10,n<10,12,5.70%,34,16%,n<10,n<10,23,11.00%,136,64.80%,37,17.60%,208,99.00%,n<10,n<10,0,0.00%,55,26.20%,37,17.60%,n<10,n<10,n<10,n<10,25,11.90%,0.025990099,2.6
2018,39002,Union Gap School District,713,n<10,n<10,n<10,n<10,n<10,n<10,n<10,n<10,0,n<10,0,n<10,n<10,n<10,0,n<10,0,n<10,0,n<10,n<10,n<10,n<10,n<10,n<10,n<10,0,n<10,n<10,n<10,n<10,n<10,n<10,n<10,n<10,n<10,n<10,n<10,n<10,0
2018,27083,University Place School District,6199,107,1.70%,57,53.30%,50,46.70%,0,0.00%,n<10,n<10,32,29.90%,20,19%,11,10.30%,17,15.90%,24,22.40%,11,10.30%,106,99.10%,14,13.10%,0,0.00%,27,25.20%,21,19.60%,n<10,n<10,n<10,n<10,12,11.20%,0.017260849,1.7
2018,33070,Valley School District,994,38,3.80%,18,47.40%,20,52.60%,0,0.00%,0,0.00%,0,0.00%,n<10,n<10,0,0.00%,n<10,n<10,30,78.90%,n<10,n<10,24,63.20%,0,0.00%,0,0.00%,n<10,n<10,n<10,n<10,n<10,n<10,n<10,n<10,n<10,n<10,0.038229376,3.8
2018,06037,Vancouver School District,25971,827,3.20%,425,51.40%,402,48.60%,n<10,n<10,n<10,n<10,41,5.00%,276,33%,87,10.50%,108,13.10%,304,36.80%,96,11.60%,821,99.30%,177,21.40%,n<10,n<10,176,21.30%,155,18.70%,n<10,n<10,n<10,n<10,119,14.40%,0.03184321,3.2
2018,17402,Vashon Island School District,1709,21,1.20%,n<10,n<10,14,66.70%,0,0.00%,0,0.00%,0,0.00%,13,62%,0,0.00%,n<10,n<10,n<10,n<10,n<10,n<10,21,100.00%,n<10,n<10,0,0.00%,n<10,n<10,n<10,n<10,n<10,n<10,n<10,n<10,n<10,n<10,0.012287888,1.2
2018,34901,WA HE LUT Indian School Agency,147,0,0.00%,0,-,0,-,0,-,0,-,0,-,0,-,0,-,0,-,0,-,0,-,0,-,0,-,0,-,0,-,0,-,0,-,0,-,0,-,0,0
2018,34975,WA State Center for Childhood Deafness and Hearing Loss,104,0,0.00%,0,-,0,-,0,-,0,-,0,-,0,-,0,-,0,-,0,-,0,-,0,-,0,-,0,-,0,-,0,-,0,-,0,-,0,-,0,0
2018,35200,Wahkiakum School District,542,62,11.40%,31,50.00%,31,50.00%,0,0.00%,0,0.00%,0,0.00%,13,21%,0,0.00%,n<10,n<10,44,71.00%,n<10,n<10,60,96.80%,0,0.00%,0,0.00%,18,29.00%,16,25.80%,n<10,n<10,n<10,n<10,n<10,n<10,0.114391144,11.4
2018,13073,Wahluke School District,2715,256,9.40%,124,48.40%,132,51.60%,0,0.00%,0,0.00%,0,0.00%,248,97%,0,0.00%,n<10,n<10,n<10,n<10,18,7.00%,251,98.00%,159,62.10%,170,66.40%,35,13.70%,217,84.80%,n<10,n<10,n<10,n<10,18,7.00%,0.094290976,9.4
2018,36401,Waitsburg School District,313,n<10,n<10,n<10,n<10,n<10,n<10,0,n<10,0,n<10,0,n<10,n<10,n<10,0,n<10,0,n<10,n<10,n<10,n<10,n<10,n<10,n<10,0,n<10,0,n<10,0,n<10,n<10,n<10,n<10,n<10,n<10,n<10,n<10,n<10,n<10,0
2018,36140,Walla Walla Public Schools,6624,208,3.10%,107,51.40%,101,48.60%,n<10,n<10,0,0.00%,n<10,n<10,89,43%,0,0.00%,n<10,n<10,109,52.40%,n<10,n<10,208,100.00%,28,13.50%,n<10,n<10,41,19.70%,66,31.70%,n<10,n<10,n<10,n<10,30,14.40%,0.031400966,3.1
2018,39207,Wapato School District,3759,520,13.80%,282,54.20%,238,45.80%,139,26.70%,16,3.10%,n<10,n<10,322,62%,0,0.00%,20,3.80%,22,4.20%,n<10,n<10,510,98.10%,289,55.60%,124,23.80%,74,14.20%,344,66.20%,n<10,n<10,n<10,n<10,62,11.90%,0.138334663,13.8
2018,13146,Warden School District,1143,158,13.80%,74,46.80%,84,53.20%,0,0.00%,0,0.00%,n<10,n<10,132,84%,0,0.00%,n<10,n<10,22,13.90%,19,12.00%,140,88.60%,70,44.30%,59,37.30%,24,15.20%,41,25.90%,n<10,n<10,n<10,n<10,15,9.50%,0.138232721,13.8
2018,34979,Washington Military Department,333,n<10,n<10,n<10,n<10,n<10,n<10,0,n<10,0,n<10,n<10,n<10,n<10,n<10,0,n<10,n<10,n<10,n<10,n<10,n<10,n<10,n<10,n<10,0,n<10,n<10,n<10,n<10,n<10,n<10,n<10,n<10,n<10,n<10,n<10,n<10,n<10,n<10,0
2018,06112,Washougal School District,3481,88,2.50%,48,54.50%,40,45.50%,n<10,n<10,n<10,n<10,0,0.00%,n<10,n<10,n<10,n<10,n<10,n<10,71,80.70%,15,17.00%,86,97.70%,n<10,n<10,0,0.00%,30,34.10%,19,21.60%,n<10,n<10,n<10,n<10,n<10,n<10,0.025280092,2.5
2018,01109,Washtucna School District,69,n<10,n<10,n<10,n<10,0,n<10,0,n<10,0,n<10,0,n<10,0,n<10,0,n<10,0,n<10,n<10,n<10,n<10,n<10,n<10,n<10,0,n<10,0,n<10,0,n<10,n<10,n<10,n<10,n<10,n<10,n<10,n<10,n<10,n<10,0
2018,09209,Waterville School District,347,n<10,n<10,n<10,n<10,n<10,n<10,n<10,n<10,0,n<10,0,n<10,n<10,n<10,0,n<10,0,n<10,n<10,n<10,n<10,n<10,n<10,n<10,0,n<10,0,n<10,n<10,n<10,n<10,n<10,n<10,n<10,n<10,n<10,n<10,n<10,n<10,0
2018,33049,Wellpinit School District,614,n<10,n<10,n<10,n<10,n<10,n<10,n<10,n<10,0,n<10,0,n<10,0,n<10,0,n<10,n<10,n<10,0,n<10,n<10,n<10,n<10,n<10,0,n<10,0,n<10,0,n<10,n<10,n<10,n<10,n<10,n<10,n<10,n<10,n<10,n<10,0
2018,04246,Wenatchee School District,8654,507,5.90%,262,51.70%,245,48.30%,n<10,n<10,n<10,n<10,n<10,n<10,359,71%,0,0.00%,14,2.80%,129,25.40%,89,17.60%,505,99.60%,229,45.20%,172,33.90%,76,15.00%,96,18.90%,n<10,n<10,n<10,n<10,40,7.90%,0.058585625,5.9
2018,32363,West Valley School District (Spokane),4508,151,3.30%,64,42.40%,87,57.60%,0,0.00%,0,0.00%,n<10,n<10,24,16%,n<10,n<10,n<10,n<10,115,76.20%,60,39.70%,142,94.00%,n<10,n<10,n<10,n<10,38,25.20%,16,10.60%,n<10,n<10,n<10,n<10,n<10,n<10,0.033496007,3.3
2018,39208,West Valley School District (Yakima),5989,72,1.20%,41,56.90%,31,43.10%,0,0.00%,n<10,n<10,n<10,n<10,30,42%,0,0.00%,n<10,n<10,35,48.60%,n<10,n<10,60,83.30%,11,15.30%,0,0.00%,13,18.10%,17,23.60%,n<10,n<10,n<10,n<10,n<10,n<10,0.01202204,1.2
2018,21303,White Pass School District,506,87,17.20%,38,43.70%,49,56.30%,0,0.00%,0,0.00%,n<10,n<10,n<10,n<10,0,0.00%,0,0.00%,77,88.50%,n<10,n<10,85,97.70%,0,0.00%,0,0.00%,15,17.20%,n<10,n<10,n<10,n<10,n<10,n<10,14,16.10%,0.171936759,17.2
2018,27416,White River School District,4270,111,2.60%,68,61.30%,43,38.70%,n<10,n<10,n<10,n<10,n<10,n<10,14,13%,0,0.00%,13,11.70%,74,66.70%,17,15.30%,108,97.30%,n<10,n<10,0,0.00%,36,32.40%,25,22.50%,n<10,n<10,n<10,n<10,12,10.80%,0.025995316,2.6
2018,20405,White Salmon Valley School District,1441,37,2.60%,21,56.80%,16,43.20%,n<10,n<10,0,0.00%,0,0.00%,17,46%,0,0.00%,n<10,n<10,17,45.90%,n<10,n<10,37,100.00%,n<10,n<10,n<10,n<10,11,29.70%,n<10,n<10,n<10,n<10,n<10,n<10,n<10,n<10,0.025676613,2.6
2018,22200,Wilbur School District,287,13,4.50%,n<10,n<10,n<10,n<10,n<10,n<10,0,0.00%,0,0.00%,n<10,n<10,0,0.00%,n<10,n<10,n<10,n<10,n<10,n<10,13,100.00%,0,0.00%,0,0.00%,n<10,n<10,n<10,n<10,n<10,n<10,n<10,n<10,n<10,n<10,0.045296167,4.5
2018,25160,Willapa Valley School District,431,n<10,n<10,n<10,n<10,n<10,n<10,n<10,n<10,0,n<10,0,n<10,0,n<10,0,n<10,0,n<10,n<10,n<10,n<10,n<10,n<10,n<10,0,n<10,0,n<10,n<10,n<10,n<10,n<10,n<10,n<10,n<10,n<10,n<10,n<10,n<10,0
2018,13167,Wilson Creek School District,194,n<10,n<10,0,n<10,n<10,n<10,0,n<10,0,n<10,0,n<10,0,n<10,0,n<10,0,n<10,n<10,n<10,n<10,n<10,n<10,n<10,0,n<10,0,n<10,0,n<10,n<10,n<10,n<10,n<10,n<10,n<10,0,n<10,n<10,0
2018,21232,Winlock School District,916,53,5.80%,24,45.30%,29,54.70%,0,0.00%,0,0.00%,0,0.00%,n<10,n<10,0,0.00%,n<10,n<10,36,67.90%,n<10,n<10,50,94.30%,n<10,n<10,n<10,n<10,11,20.80%,14,26.40%,n<10,n<10,n<10,n<10,n<10,n<10,0.057860262,5.8
2018,14117,Wishkah Valley School District,179,n<10,n<10,n<10,n<10,n<10,n<10,0,n<10,0,n<10,0,n<10,n<10,n<10,0,n<10,0,n<10,n<10,n<10,n<10,n<10,n<10,n<10,0,n<10,0,n<10,n<10,n<10,n<10,n<10,n<10,n<10,n<10,n<10,n<10,n<10,n<10,0
2018,20094,Wishram School District,84,n<10,n<10,n<10,n<10,n<10,n<10,0,n<10,0,n<10,0,n<10,0,n<10,0,n<10,n<10,n<10,n<10,n<10,n<10,n<10,n<10,n<10,0,n<10,0,n<10,0,n<10,n<10,n<10,n<10,n<10,n<10,n<10,n<10,n<10,n<10,0
2018,08404,Woodland School District,2698,167,6.20%,83,49.70%,84,50.30%,n<10,n<10,n<10,n<10,n<10,n<10,56,34%,n<10,n<10,16,9.60%,87,52.10%,20,12.00%,167,100.00%,31,18.60%,n<10,n<10,35,21.00%,11,6.60%,n<10,n<10,n<10,n<10,14,8.40%,0.061897702,6.2
2018,39007,Yakima School District,18760,621,3.30%,319,51.40%,302,48.60%,26,4.20%,n<10,n<10,18,2.90%,390,63%,0,0.00%,39,6.30%,147,23.70%,70,11.30%,611,98.40%,196,31.60%,99,15.90%,96,15.50%,239,38.50%,n<10,n<10,n<10,n<10,67,10.80%,0.033102345,3.3
2018,34002,Yelm School District,6445,119,1.80%,60,50.40%,59,49.60%,n<10,n<10,0,0.00%,n<10,n<10,26,22%,n<10,n<10,21,17.60%,67,56.30%,n<10,n<10,118,99.20%,n<10,n<10,n<10,n<10,27,22.70%,24,20.20%,n<10,n<10,n<10,n<10,14,11.80%,0.018463926,1.8
2018,39205,Zillah School District,1406,37,2.60%,15,40.50%,22,59.50%,0,0.00%,0,0.00%,0,0.00%,30,81%,0,0.00%,n<10,n<10,n<10,n<10,n<10,n<10,37,100.00%,13,35.10%,11,29.70%,n<10,n<10,14,37.80%,n<10,n<10,n<10,n<10,n<10,n<10,0.026315789,2.6
