SchoolYear,ESD Number,District Code,DIstrict Name,School Code,School Name,Accountability Status,1003 Award,Guidance and Counseling,Teaching,Instructional Professional Development,Instructional Technology,Curriculum,Supervision,Health/Related Services,Learning Resources,Operation of Buildings,Maintenance,Utilities,Pupil Management and Safety,No Activity Reported,,,
2022-2023,ESD 123,1147,Othello School District,5367,Desert Oasis High School,LOWGRADS,65275,TRUE,TRUE,TRUE,TRUE,FALSE,FALSE,FALSE,FALSE,FALSE,FALSE,FALSE,FALSE,FALSE,,Auburn School District,336985
2022-2023,ESD 123,1147,Othello School District,5285,Wahitis Elementary School,TargetEL,30000,FALSE,FALSE,TRUE,FALSE,FALSE,FALSE,FALSE,FALSE,FALSE,FALSE,FALSE,FALSE,FALSE,,Federal Way School District,497565
2022-2023,ESD 123,3017,Kennewick School District,4418,Amistad Elementary School,COMPRSCH,75855,FALSE,FALSE,TRUE,FALSE,FALSE,FALSE,FALSE,FALSE,FALSE,FALSE,FALSE,FALSE,FALSE,,Highline School District,231130
2022-2023,ESD 123,3017,Kennewick School District,3315,Edison Elementary School,COMPRSCH,75855,FALSE,TRUE,TRUE,FALSE,FALSE,FALSE,FALSE,FALSE,FALSE,FALSE,FALSE,FALSE,FALSE,,Issaquah School District,112500
2022-2023,ESD 123,3017,Kennewick School District,4072,Canyon View Elementary School,Target3+,30000,FALSE,TRUE,TRUE,FALSE,FALSE,FALSE,FALSE,FALSE,FALSE,FALSE,FALSE,FALSE,FALSE,,kent School District,240855
2022-2023,ESD 123,3052,Kiona-Benton City School District,2759,Kiona-Benton City Elementary (formerly Primary) School,TargetEL,30000,FALSE,TRUE,TRUE,FALSE,FALSE,FALSE,FALSE,FALSE,FALSE,FALSE,FALSE,FALSE,FALSE,,Renton School District,105855
2022-2023,ESD 123,3053,Finley School District,3078,Finley Elementary School,Target3+,30000,FALSE,TRUE,TRUE,TRUE,TRUE,FALSE,FALSE,FALSE,FALSE,FALSE,FALSE,FALSE,FALSE,,Seattle School District,306985
2022-2023,ESD 123,3400,Richland School District,4295,Rivers Edge High School,COMPRSCH,75855,FALSE,TRUE,TRUE,FALSE,FALSE,FALSE,FALSE,FALSE,FALSE,FALSE,FALSE,FALSE,FALSE,,Snoqualmie Valley School District,30000
2022-2023,ESD 123,3400,Richland School District,2721,Carmichael Middle School,Target3+,30000,FALSE,FALSE,TRUE,FALSE,FALSE,FALSE,FALSE,FALSE,FALSE,FALSE,FALSE,FALSE,FALSE,,Enumclaw School District,0
2022-2023,ESD 171,4129,Lake Chelan School District,1940,Chelan School of Innovation,LOWGRADS,65275,FALSE,TRUE,FALSE,FALSE,FALSE,FALSE,FALSE,FALSE,FALSE,FALSE,FALSE,FALSE,FALSE,,Bellevue School District,0
2022-2023,ESD 171,4246,Wenatchee School District,3209,Abraham Lincoln Elementary School,COMPRSCH,75855,FALSE,TRUE,TRUE,FALSE,TRUE,FALSE,FALSE,FALSE,FALSE,FALSE,FALSE,FALSE,FALSE,,Fife Public Schools,0
2022-2023,ESD 171,4246,Wenatchee School District,5316,Open Doors  Re-Engagement,COMPRSCH,75855,FALSE,TRUE,TRUE,FALSE,TRUE,FALSE,FALSE,FALSE,FALSE,FALSE,FALSE,FALSE,FALSE,,Lake Washington School District,0
2022-2023,ESD 114,5121,Port Angeles School District,4003,Lincoln High School,LOWGRADS,65275,FALSE,TRUE,FALSE,FALSE,FALSE,FALSE,FALSE,FALSE,FALSE,FALSE,FALSE,FALSE,FALSE,,Riverview School District,0
2022-2023,ESD 114,5402,Quillayute Valley School District,3737,Forks Elementary School,TargetEL,30000,FALSE,FALSE,TRUE,FALSE,FALSE,FALSE,FALSE,FALSE,FALSE,FALSE,FALSE,FALSE,FALSE,,Mercer Island School District,0
2022-2023,ESD 112,6037,Vancouver School District,2644,Peter S Ogden Elementary School,COMPRSCH,75855,FALSE,TRUE,TRUE,FALSE,TRUE,TRUE,FALSE,FALSE,FALSE,FALSE,FALSE,FALSE,FALSE,,Northshore School District,0
2022-2023,ESD 112,6037,Vancouver School District,2318,Lincoln Elementary School,COMPRSCH,75855,TRUE,TRUE,TRUE,FALSE,FALSE,TRUE,FALSE,FALSE,FALSE,FALSE,FALSE,FALSE,FALSE,,Shoreline School District,0
2022-2023,ESD 112,6037,Vancouver School District,4410,Roosevelt Elementary School,COMPRSCH,75855,FALSE,TRUE,TRUE,FALSE,FALSE,FALSE,FALSE,FALSE,FALSE,FALSE,FALSE,FALSE,FALSE,,Skykomish School District,0
2022-2023,ESD 112,6037,Vancouver School District,2637,Fruit Valley Elementary School,COMPRSCH,75855,TRUE,TRUE,TRUE,FALSE,FALSE,FALSE,FALSE,FALSE,FALSE,FALSE,FALSE,FALSE,FALSE,,Snoqualmie Valley School District,0
2022-2023,ESD 112,6037,Vancouver School District,1574,Jim Tangeman Center (formerly Fir Grove Childrens Center),COMPRSCH,75855,FALSE,TRUE,TRUE,FALSE,FALSE,TRUE,TRUE,FALSE,FALSE,FALSE,FALSE,FALSE,FALSE,,Tukwila School District,0
2022-2023,ESD 112,6037,Vancouver School District,5149,Vancouver Virtual Learning Academy,COMPRSCH,75855,TRUE,TRUE,TRUE,FALSE,FALSE,FALSE,FALSE,FALSE,FALSE,FALSE,FALSE,FALSE,FALSE,,Tahoma School District,0
2022-2023,ESD 112,6037,Vancouver School District,3016,Sarah J Anderson Elementary School,Target3+,30000,FALSE,TRUE,TRUE,FALSE,FALSE,TRUE,FALSE,FALSE,FALSE,FALSE,FALSE,FALSE,FALSE,,Vashon Island School District,0
2022-2023,ESD 112,6037,Vancouver School District,3735,Harry S Truman Elementary School,Target3+,30000,FALSE,TRUE,TRUE,FALSE,FALSE,FALSE,FALSE,FALSE,FALSE,FALSE,FALSE,FALSE,FALSE,,,
2022-2023,ESD 112,6037,Vancouver School District,3565,Washington Elementary School,Target3+,30000,FALSE,TRUE,TRUE,FALSE,FALSE,TRUE,FALSE,FALSE,FALSE,FALSE,FALSE,FALSE,FALSE,,,
2022-2023,ESD 112,6037,Vancouver School District,4503,Discovery Middle School,Target3+,45000,FALSE,TRUE,TRUE,FALSE,FALSE,FALSE,FALSE,FALSE,FALSE,FALSE,FALSE,FALSE,FALSE,,,
2022-2023,ESD 112,6037,Vancouver School District,3146,Mcloughlin Middle School,Target3+,45000,FALSE,TRUE,TRUE,FALSE,FALSE,FALSE,FALSE,FALSE,FALSE,FALSE,FALSE,FALSE,FALSE,,,
2022-2023,ESD 112,6114,Evergreen School District (Clark),2912,Orchards Elementary School,COMPRSCH,75855,FALSE,TRUE,TRUE,FALSE,FALSE,FALSE,FALSE,FALSE,FALSE,FALSE,FALSE,FALSE,FALSE,,,
2022-2023,ESD 112,6114,Evergreen School District (Clark),4042,Legacy High School,COMPRSCH,75855,FALSE,TRUE,TRUE,FALSE,FALSE,FALSE,FALSE,FALSE,FALSE,FALSE,FALSE,FALSE,FALSE,,,
2022-2023,ESD 112,6114,Evergreen School District (Clark),3320,Covington Middle School,Target3+,30000,FALSE,TRUE,TRUE,FALSE,FALSE,FALSE,FALSE,FALSE,FALSE,FALSE,FALSE,FALSE,FALSE,,,
2022-2023,ESD 112,8122,Longview School District,2370,Saint Helens Elementary School,COMPRSCH,75855,FALSE,TRUE,TRUE,FALSE,FALSE,FALSE,FALSE,FALSE,FALSE,FALSE,FALSE,FALSE,FALSE,,,
2022-2023,ESD 112,8122,Longview School District,2914,Northlake Elementary School,COMPRSCH,75855,FALSE,TRUE,TRUE,FALSE,FALSE,FALSE,FALSE,FALSE,FALSE,FALSE,FALSE,FALSE,FALSE,,,
2022-2023,ESD 112,8122,Longview School District,2319,Kessler Elementary School,COMPRSCH,75855,FALSE,TRUE,FALSE,FALSE,FALSE,FALSE,FALSE,FALSE,FALSE,FALSE,FALSE,FALSE,FALSE,,,
2022-2023,ESD 112,8122,Longview School District,2831,Monticello Middle School,TargetEL,30000,FALSE,TRUE,TRUE,FALSE,FALSE,FALSE,FALSE,FALSE,FALSE,FALSE,FALSE,FALSE,FALSE,,,
2022-2023,ESD 112,8458,Kelso School District,1934,Loowit High School,LOWGRADS,65275,FALSE,TRUE,TRUE,FALSE,FALSE,FALSE,FALSE,FALSE,FALSE,FALSE,FALSE,FALSE,FALSE,,,
2022-2023,ESD 171,9075,Bridgeport School District,2562,Bridgeport Elementary School,COMPRSCH,75855,FALSE,TRUE,FALSE,FALSE,FALSE,FALSE,FALSE,FALSE,FALSE,FALSE,FALSE,FALSE,FALSE,,,
2022-2023,ESD 101,10003,Keller School District,2602,Keller Elementary School,COMPRSCH,75855,FALSE,TRUE,FALSE,TRUE,FALSE,TRUE,FALSE,FALSE,FALSE,FALSE,FALSE,FALSE,FALSE,,,
2022-2023,ESD 101,10309,Republic School District,3559,Republic Junior High School,COMPRSCH,75855,TRUE,TRUE,FALSE,FALSE,FALSE,FALSE,FALSE,FALSE,FALSE,FALSE,FALSE,FALSE,FALSE,,,
2022-2023,ESD 123,11001,Pasco School District,3515,Robert Frost Elementary School,COMPRSCH,75855,FALSE,TRUE,TRUE,FALSE,FALSE,FALSE,FALSE,FALSE,FALSE,FALSE,FALSE,FALSE,FALSE,,,
2022-2023,ESD 123,11001,Pasco School District,5392,Captain Gray STEM Elementary School,COMPRSCH,75855,FALSE,TRUE,TRUE,FALSE,FALSE,FALSE,FALSE,FALSE,FALSE,FALSE,FALSE,FALSE,FALSE,,,
2022-2023,ESD 123,11001,Pasco School District,3912,New Horizons High School,COMPRSCH,75855,FALSE,TRUE,TRUE,FALSE,FALSE,FALSE,FALSE,FALSE,FALSE,FALSE,FALSE,FALSE,FALSE,,,
2022-2023,ESD 123,11001,Pasco School District,2967,Emerson Elementary School,TargetEL,30000,FALSE,TRUE,TRUE,FALSE,FALSE,FALSE,FALSE,FALSE,FALSE,FALSE,FALSE,FALSE,FALSE,,,
2022-2023,ESD 123,11051,North Franklin School District,3325,Basin City Elementary School,COMPRSCH,75855,FALSE,TRUE,FALSE,FALSE,FALSE,FALSE,FALSE,FALSE,FALSE,FALSE,FALSE,FALSE,FALSE,,,
2022-2023,ESD 123,11051,North Franklin School District,1754,Palouse Junction High School,LOWGRADS,65275,FALSE,TRUE,FALSE,FALSE,FALSE,FALSE,FALSE,FALSE,FALSE,FALSE,FALSE,FALSE,FALSE,,,
2022-2023,ESD 123,11051,North Franklin School District,2198,Robert L Olds Junior High School,TargetEL,30000,FALSE,FALSE,TRUE,FALSE,FALSE,FALSE,FALSE,FALSE,FALSE,FALSE,FALSE,FALSE,FALSE,,,
2022-2023,ESD 105,13073,Wahluke School District,4490,Saddle Mountain Elementary School,COMPRSCH,75855,TRUE,TRUE,TRUE,TRUE,FALSE,FALSE,FALSE,FALSE,FALSE,FALSE,FALSE,FALSE,FALSE,,,
2022-2023,ESD 105,13073,Wahluke School District,1835,Sentinel Tech Alt School,LOWGRADS,65275,FALSE,TRUE,TRUE,TRUE,TRUE,TRUE,FALSE,FALSE,FALSE,FALSE,FALSE,FALSE,FALSE,,,
2022-2023,ESD 171,13144,Quincy School District,5648,Quincy Innovation Academy,COMPRSCH,75855,FALSE,TRUE,FALSE,FALSE,FALSE,FALSE,FALSE,FALSE,FALSE,FALSE,FALSE,FALSE,FALSE,,,
2022-2023,ESD 171,13144,Quincy School District,2510,Quincy Middle School,COMPRSCH,75855,FALSE,TRUE,TRUE,FALSE,FALSE,FALSE,FALSE,FALSE,FALSE,FALSE,FALSE,FALSE,FALSE,,,
2022-2023,ESD 171,13144,Quincy School District,3426,George Elementary School,Target3+,30000,FALSE,TRUE,TRUE,FALSE,FALSE,FALSE,FALSE,FALSE,FALSE,FALSE,FALSE,FALSE,FALSE,,,
2022-2023,ESD 171,13144,Quincy School District,3020,Mountain View Elementary School,TargetEL,30000,FALSE,TRUE,TRUE,FALSE,FALSE,FALSE,FALSE,FALSE,FALSE,FALSE,FALSE,FALSE,FALSE,,,
2022-2023,ESD 105,13160,Royal School District,3620,Royal Middle School,TargetEL,30000,FALSE,TRUE,TRUE,FALSE,FALSE,FALSE,FALSE,FALSE,FALSE,FALSE,FALSE,FALSE,FALSE,,,
2022-2023,ESD 171,13161,Moses Lake School District,5354,Endeavor Middle School,COMPRSCH,75855,FALSE,TRUE,TRUE,FALSE,FALSE,FALSE,FALSE,FALSE,FALSE,FALSE,FALSE,FALSE,FALSE,,,
2022-2023,ESD 171,13161,Moses Lake School District,2969,Lakeview Terrace Elementary School,Target3+,30000,FALSE,TRUE,TRUE,FALSE,FALSE,FALSE,FALSE,FALSE,FALSE,FALSE,FALSE,FALSE,FALSE,,,
2022-2023,ESD 113,14005,Aberdeen School District,3857,Harbor High School,LOWGRADS,65275,TRUE,TRUE,FALSE,FALSE,FALSE,TRUE,FALSE,TRUE,FALSE,FALSE,FALSE,FALSE,FALSE,,,
2022-2023,ESD 113,14028,Hoquiam School District,2972,Central Elementary School,Target3+,30000,FALSE,TRUE,TRUE,TRUE,FALSE,FALSE,FALSE,FALSE,FALSE,FALSE,FALSE,FALSE,FALSE,,,
2022-2023,ESD 113,14064,North Beach School District,3788,North Beach  Secondary School (formerly North Beach Jr HS),COMPRSCH,75855,TRUE,TRUE,FALSE,FALSE,TRUE,FALSE,FALSE,FALSE,FALSE,FALSE,FALSE,FALSE,FALSE,,,
2022-2023,ESD 113,14068,Elma School District,3217,Elma Elementary School,Target3+,30000,FALSE,TRUE,TRUE,FALSE,FALSE,FALSE,FALSE,FALSE,FALSE,FALSE,FALSE,FALSE,FALSE,,,
2022-2023,ESD 113,14077,Taholah School District,5032,Taholah Elementary & Middle School,COMPRSCH,75855,TRUE,TRUE,FALSE,FALSE,FALSE,FALSE,FALSE,FALSE,FALSE,FALSE,FALSE,FALSE,FALSE,,,
2022-2023,ESD 113,14077,Taholah School District,3580,Taholah High School,COMPRSCH,75855,FALSE,TRUE,FALSE,FALSE,TRUE,FALSE,FALSE,FALSE,FALSE,FALSE,FALSE,FALSE,FALSE,,,
2022-2023,ESD 113,14097,Lake Quinault School District,2921,Lake Quinault Elementary School,COMPRSCH,75855,FALSE,TRUE,TRUE,TRUE,FALSE,FALSE,FALSE,FALSE,FALSE,FALSE,FALSE,FALSE,FALSE,,,
2022-2023,ESD 121,17001,Seattle Public Schools,1596,Seattle World School,COMPRSCH,75855,FALSE,TRUE,FALSE,FALSE,FALSE,FALSE,FALSE,FALSE,FALSE,FALSE,FALSE,FALSE,FALSE,,,
2022-2023,ESD 121,17001,Seattle Public Schools,1635,Interagency Programs,COMPRSCH,75855,FALSE,TRUE,TRUE,FALSE,FALSE,FALSE,FALSE,FALSE,FALSE,FALSE,FALSE,FALSE,FALSE,,,
2022-2023,ESD 121,17001,Seattle Public Schools,3778,Alan T. Sugiyama High School,LOWGRADS,65275,FALSE,FALSE,TRUE,FALSE,FALSE,FALSE,FALSE,FALSE,FALSE,FALSE,FALSE,FALSE,FALSE,,,
2022-2023,ESD 121,17001,Seattle Public Schools,5351,Jane Addams Middle School,Target3+,30000,FALSE,TRUE,TRUE,FALSE,FALSE,FALSE,FALSE,FALSE,FALSE,FALSE,FALSE,FALSE,FALSE,,,
2022-2023,ESD 121,17001,Seattle Public Schools,5276,Louisa Boren STEM K-8,Target3+,30000,FALSE,TRUE,TRUE,FALSE,FALSE,FALSE,FALSE,FALSE,FALSE,FALSE,FALSE,FALSE,FALSE,,,
2022-2023,ESD 121,17001,Seattle Public Schools,2977,Viewlands Elementary School,TargetEL,30000,FALSE,TRUE,TRUE,FALSE,FALSE,FALSE,FALSE,FALSE,FALSE,FALSE,FALSE,FALSE,FALSE,,,
2022-2023,ESD 121,17210,Federal Way School District,3700,Brigadoon Elementary School,COMPRSCH,30000,FALSE,TRUE,TRUE,FALSE,FALSE,FALSE,FALSE,FALSE,FALSE,FALSE,FALSE,FALSE,FALSE,,,
2022-2023,ESD 121,17210,Federal Way School District,3627,Mark Twain Elementary School,COMPRSCH,75855,FALSE,TRUE,TRUE,FALSE,FALSE,FALSE,FALSE,FALSE,FALSE,FALSE,FALSE,FALSE,FALSE,,,
2022-2023,ESD 121,17210,Federal Way School District,5348,Open Doors Youth Reengagement (1418),COMPRSCH,75855,FALSE,TRUE,FALSE,FALSE,FALSE,FALSE,FALSE,FALSE,FALSE,FALSE,FALSE,FALSE,FALSE,,,
2022-2023,ESD 121,17210,Federal Way School District,3583,Wildwood Elementary School,COMPRSCH,75855,FALSE,TRUE,TRUE,FALSE,FALSE,FALSE,FALSE,TRUE,FALSE,FALSE,FALSE,FALSE,FALSE,,,
2022-2023,ESD 121,17210,Federal Way School District,3898,Illahee Middle School,Target3+,45000,FALSE,TRUE,TRUE,FALSE,FALSE,FALSE,FALSE,FALSE,FALSE,FALSE,FALSE,FALSE,FALSE,,,
2022-2023,ESD 121,17210,Federal Way School District,3738,Lake Dolloff Elementary School,Target3+,30000,FALSE,TRUE,TRUE,FALSE,FALSE,FALSE,FALSE,FALSE,FALSE,FALSE,FALSE,FALSE,FALSE,,,
2022-2023,ESD 121,17210,Federal Way School District,3701,Kilo Middle School,Target3+,45000,FALSE,TRUE,TRUE,FALSE,FALSE,FALSE,FALSE,FALSE,FALSE,FALSE,FALSE,FALSE,FALSE,,,
2022-2023,ESD 121,17210,Federal Way School District,3432,Olympic View Elementary School,Target3+,30000,FALSE,TRUE,TRUE,FALSE,FALSE,FALSE,FALSE,FALSE,FALSE,FALSE,FALSE,FALSE,FALSE,,,
2022-2023,ESD 121,17210,Federal Way School District,5029,Sequoyah Middle School,Target3+,45000,FALSE,TRUE,TRUE,FALSE,FALSE,FALSE,FALSE,FALSE,FALSE,FALSE,FALSE,FALSE,FALSE,,,
2022-2023,ESD 121,17210,Federal Way School District,3431,Evergreen Middle School (formerly Totem Middle School),Target3+,45000,FALSE,TRUE,FALSE,FALSE,FALSE,FALSE,FALSE,FALSE,FALSE,FALSE,FALSE,FALSE,FALSE,,,
2022-2023,ESD 121,17401,Highline School District,2765,Beverly Park Elem at Glendale,COMPRSCH,75855,FALSE,TRUE,TRUE,FALSE,FALSE,FALSE,FALSE,FALSE,FALSE,FALSE,FALSE,FALSE,FALSE,,Auburn School District,
2022-2023,ESD 121,17401,Highline School District,1972,New Start,LOWGRADS,65275,FALSE,TRUE,FALSE,FALSE,FALSE,FALSE,FALSE,FALSE,FALSE,FALSE,FALSE,FALSE,FALSE,,Federal Way School District,
2022-2023,ESD 121,17401,Highline School District,2982,Bow Lake Elementary School,Target3+,30000,FALSE,TRUE,FALSE,FALSE,FALSE,FALSE,FALSE,FALSE,FALSE,FALSE,FALSE,FALSE,FALSE,,Highline School District,
2022-2023,ESD 121,17401,Highline School District,3163,Cascade Middle School,Target3+,30000,FALSE,TRUE,FALSE,FALSE,FALSE,FALSE,FALSE,FALSE,FALSE,FALSE,FALSE,FALSE,FALSE,,Issaquah School District,
2022-2023,ESD 121,17401,Highline School District,3333,Pacific Middle School,Target3+,30000,FALSE,TRUE,FALSE,FALSE,FALSE,FALSE,FALSE,FALSE,FALSE,FALSE,FALSE,FALSE,FALSE,,kent School District,
2022-2023,ESD 121,17403,Renton School District,3337,Cascade Elementary School,COMPRSCH,75855,FALSE,TRUE,TRUE,FALSE,TRUE,FALSE,FALSE,FALSE,FALSE,FALSE,FALSE,FALSE,FALSE,,Renton School District,
2022-2023,ESD 121,17403,Renton School District,3740,Talbot Hill Elementary School,Target3+,30000,FALSE,TRUE,TRUE,FALSE,FALSE,FALSE,FALSE,FALSE,FALSE,FALSE,FALSE,FALSE,FALSE,,Seattle School District,
2022-2023,ESD 121,17408,Auburn School District,2394,Cascade Middle School,COMPRSCH,75855,TRUE,FALSE,FALSE,FALSE,FALSE,FALSE,FALSE,FALSE,FALSE,FALSE,FALSE,FALSE,FALSE,,Snoqualmie Valley School District,336985
2022-2023,ESD 121,17408,Auburn School District,3169,Olympic Middle School,COMPRSCH,75855,TRUE,FALSE,TRUE,FALSE,FALSE,FALSE,FALSE,FALSE,FALSE,FALSE,FALSE,FALSE,FALSE,,,497565
2022-2023,ESD 121,17408,Auburn School District,2702,West Auburn Senior High School,LOWGRADS,65275,TRUE,FALSE,TRUE,FALSE,TRUE,FALSE,FALSE,FALSE,FALSE,FALSE,FALSE,FALSE,FALSE,,,231130
2022-2023,ESD 121,17408,Auburn School District,4462,Mt Baker Middle School,Target3+,30000,FALSE,TRUE,FALSE,FALSE,FALSE,FALSE,FALSE,FALSE,FALSE,FALSE,FALSE,FALSE,FALSE,,,112500
2022-2023,ESD 121,17408,Auburn School District,2932,Dick Scobee Elementary School,Target3+,30000,FALSE,TRUE,TRUE,FALSE,FALSE,FALSE,FALSE,FALSE,FALSE,FALSE,FALSE,FALSE,FALSE,,,240855
2022-2023,ESD 121,17408,Auburn School District,3525,Lea Hill Elementary School,Target3+,30000,FALSE,TRUE,FALSE,FALSE,FALSE,FALSE,FALSE,FALSE,FALSE,FALSE,FALSE,FALSE,FALSE,,,105855
2022-2023,ESD 121,17408,Auburn School District,4385,Rainier Middle School,Target3+,30000,FALSE,TRUE,TRUE,FALSE,FALSE,FALSE,FALSE,FALSE,FALSE,FALSE,FALSE,FALSE,FALSE,,,306985
2022-2023,ESD 121,17410,Snoqualmie Valley School District,2287,North Bend Elementary School,TargetEL,30000,FALSE,TRUE,TRUE,FALSE,FALSE,FALSE,FALSE,TRUE,FALSE,FALSE,FALSE,FALSE,FALSE,,,30000
2022-2023,ESD 121,17411,Issaquah School District,3569,Echo Glen,SIINSTED,112500,FALSE,TRUE,FALSE,FALSE,FALSE,FALSE,FALSE,FALSE,FALSE,FALSE,FALSE,FALSE,FALSE,,,
2022-2023,ESD 121,17415,Kent School District,5275,iGrad,COMPRSCH,75855,FALSE,TRUE,FALSE,FALSE,TRUE,FALSE,FALSE,FALSE,FALSE,FALSE,FALSE,TRUE,FALSE,,,
2022-2023,ESD 121,17415,Kent School District,5016,Mill Creek Middle School,Target3+,45000,FALSE,TRUE,TRUE,FALSE,TRUE,FALSE,FALSE,FALSE,FALSE,FALSE,FALSE,FALSE,FALSE,,,
2022-2023,ESD 121,17415,Kent School District,3764,Meeker Middle School,Target3+,30000,FALSE,TRUE,FALSE,FALSE,FALSE,FALSE,FALSE,FALSE,FALSE,FALSE,FALSE,FALSE,FALSE,,,
2022-2023,ESD 121,17415,Kent School District,3593,Pine Tree Elementary School,Target3+,30000,FALSE,TRUE,TRUE,FALSE,FALSE,FALSE,FALSE,FALSE,FALSE,FALSE,FALSE,FALSE,FALSE,,,
2022-2023,ESD 121,17415,Kent School District,4440,Cedar Heights Middle School,Target3+,30000,FALSE,TRUE,TRUE,FALSE,FALSE,FALSE,FALSE,FALSE,FALSE,FALSE,FALSE,FALSE,FALSE,,,
2022-2023,ESD 121,17415,Kent School District,3389,Scenic Hill Elementary School,Target3+,30000,FALSE,TRUE,TRUE,FALSE,FALSE,FALSE,FALSE,FALSE,FALSE,FALSE,FALSE,FALSE,FALSE,,,
2022-2023,ESD 114,18100,Bremerton School District,4441,Mountain View Middle School,COMPRSCH,75855,FALSE,TRUE,TRUE,FALSE,FALSE,FALSE,FALSE,FALSE,FALSE,FALSE,FALSE,FALSE,FALSE,,,
2022-2023,ESD 114,18100,Bremerton School District,1737,Renaissance Alternative High School,LOWGRADS,65275,FALSE,TRUE,TRUE,FALSE,FALSE,FALSE,FALSE,FALSE,FALSE,FALSE,FALSE,FALSE,FALSE,,,
2022-2023,ESD 105,19403,Kittitas School District,2569,Kittitas Elementary School,Target3+,30000,FALSE,TRUE,TRUE,FALSE,FALSE,FALSE,FALSE,FALSE,FALSE,FALSE,FALSE,FALSE,FALSE,,,
2022-2023,ESD 112,20403,Roosevelt School District,3530,Roosevelt Elementary School,COMPRSCH,75855,FALSE,TRUE,TRUE,FALSE,FALSE,FALSE,FALSE,FALSE,FALSE,FALSE,FALSE,FALSE,FALSE,,,
2022-2023,ESD 113,21232,Winlock School District,2290,Winlock Miller Elementary School,COMPRSCH,75855,FALSE,FALSE,FALSE,FALSE,TRUE,FALSE,FALSE,FALSE,FALSE,FALSE,FALSE,FALSE,FALSE,,,
2022-2023,ESD 113,21302,Chehalis School District,2027,Green Hill Academic School,SIINSTED,112500,FALSE,FALSE,FALSE,TRUE,FALSE,FALSE,TRUE,FALSE,FALSE,FALSE,FALSE,FALSE,FALSE,,,
2022-2023,ESD 101,22204,Harrington School District,3113,Harrington High School,LOWGRADS,65275,FALSE,TRUE,TRUE,FALSE,FALSE,FALSE,FALSE,FALSE,FALSE,FALSE,FALSE,FALSE,FALSE,,,
2022-2023,ESD 113,23309,Shelton School District,3292,Mountain View Elementary School,TargetEL,30000,TRUE,FALSE,FALSE,FALSE,FALSE,FALSE,FALSE,FALSE,FALSE,FALSE,FALSE,FALSE,FALSE,,,
2022-2023,ESD 114,23403,North Mason School District,4320,Sand Hill Elementary School,Target3+,30000,FALSE,TRUE,FALSE,FALSE,FALSE,FALSE,FALSE,FALSE,FALSE,FALSE,FALSE,FALSE,FALSE,,,
2022-2023,ESD 171,24014,Nespelem School District,2494,Nespelem Elementary School,COMPRSCH,75855,FALSE,TRUE,TRUE,TRUE,TRUE,FALSE,FALSE,FALSE,FALSE,FALSE,FALSE,FALSE,FALSE,,,
2022-2023,ESD 112,25101,Ocean Beach School District,4039,Ocean Park Elementary School,COMPRSCH,75855,FALSE,FALSE,TRUE,FALSE,FALSE,FALSE,FALSE,TRUE,FALSE,FALSE,FALSE,FALSE,FALSE,,,
2022-2023,ESD 112,25101,Ocean Beach School District,2517,Hilltop School,Target3+,30000,FALSE,TRUE,TRUE,FALSE,FALSE,FALSE,FALSE,TRUE,FALSE,FALSE,FALSE,FALSE,FALSE,,,
2022-2023,ESD 121,27003,Puyallup School District,5321,Open Doors Puyallup,COMPRSCH,75855,FALSE,TRUE,FALSE,FALSE,FALSE,FALSE,FALSE,FALSE,FALSE,FALSE,FALSE,FALSE,FALSE,,,
2022-2023,ESD 121,27010,Tacoma School District,2771,Lister Elementary School,COMPRSCH,75855,FALSE,TRUE,FALSE,FALSE,FALSE,FALSE,FALSE,FALSE,FALSE,FALSE,FALSE,FALSE,FALSE,,,
2022-2023,ESD 121,27010,Tacoma School District,2806,Reed Elementary School,COMPRSCH,75855,FALSE,TRUE,FALSE,FALSE,FALSE,FALSE,FALSE,FALSE,FALSE,FALSE,FALSE,FALSE,FALSE,,,
2022-2023,ESD 121,27010,Tacoma School District,2338,Hilltop Heritage Middle School (formerly Jason Lee Middle School),COMPRSCH,75855,FALSE,TRUE,TRUE,TRUE,FALSE,FALSE,FALSE,FALSE,FALSE,FALSE,FALSE,FALSE,FALSE,,,
2022-2023,ESD 121,27010,Tacoma School District,2275,Roosevelt Elementary School,COMPRSCH,75855,TRUE,FALSE,TRUE,FALSE,FALSE,FALSE,FALSE,FALSE,FALSE,FALSE,FALSE,FALSE,FALSE,,,
2022-2023,ESD 121,27010,Tacoma School District,2036,Larchmont Elementary School,COMPRSCH,75855,FALSE,TRUE,TRUE,FALSE,FALSE,FALSE,FALSE,FALSE,FALSE,FALSE,FALSE,FALSE,FALSE,,,
2022-2023,ESD 121,27010,Tacoma School District,4109,Oakland High School,LOWGRADS,65275,FALSE,TRUE,TRUE,FALSE,FALSE,FALSE,FALSE,FALSE,FALSE,FALSE,FALSE,FALSE,FALSE,,,
2022-2023,ESD 121,27010,Tacoma School District,2377,Gray Middle School,Target3+,45000,FALSE,TRUE,TRUE,FALSE,FALSE,FALSE,FALSE,FALSE,FALSE,FALSE,FALSE,FALSE,FALSE,,,
2022-2023,ESD 121,27010,Tacoma School District,2215,Lincoln High School,TargetEL,30000,FALSE,FALSE,TRUE,FALSE,FALSE,FALSE,FALSE,FALSE,FALSE,FALSE,FALSE,FALSE,FALSE,,,
2022-2023,ESD 121,27400,Clover Park School District,2652,Lakeview Hope Academy,COMPRSCH,75855,FALSE,TRUE,TRUE,FALSE,FALSE,FALSE,FALSE,FALSE,FALSE,FALSE,FALSE,FALSE,FALSE,,,
2022-2023,ESD 121,27400,Clover Park School District,3602,Lochburn Middle School,COMPRSCH,75855,FALSE,TRUE,TRUE,TRUE,TRUE,FALSE,FALSE,FALSE,FALSE,FALSE,FALSE,FALSE,FALSE,,,
2022-2023,ESD 121,27400,Clover Park School District,2651,Tillicum Elementary School,COMPRSCH,75855,FALSE,TRUE,TRUE,TRUE,TRUE,FALSE,FALSE,FALSE,FALSE,FALSE,FALSE,FALSE,FALSE,,,
2022-2023,ESD 121,27402,Franklin Pierce School District,4063,Gates Secondary School,LOWGRADS,65275,FALSE,TRUE,TRUE,FALSE,FALSE,FALSE,FALSE,FALSE,FALSE,FALSE,FALSE,FALSE,FALSE,,,
2022-2023,ESD 121,27402,Franklin Pierce School District,3301,Christensen Elementary School,Target3+,30000,FALSE,TRUE,TRUE,FALSE,FALSE,FALSE,FALSE,FALSE,FALSE,FALSE,FALSE,FALSE,FALSE,,,
2022-2023,ESD 121,27402,Franklin Pierce School District,3401,Perry G Keithley Middle School,TargetEL,30000,FALSE,TRUE,TRUE,FALSE,FALSE,FALSE,FALSE,FALSE,FALSE,FALSE,FALSE,FALSE,FALSE,,,
2022-2023,ESD 121,27403,Bethel School District,5372,Acceleration Academy,COMPRSCH,75855,FALSE,TRUE,TRUE,FALSE,FALSE,FALSE,FALSE,FALSE,FALSE,FALSE,FALSE,FALSE,FALSE,,,
2022-2023,ESD 189,29011,Concrete School District,2577,Concrete Elementary School,COMPRSCH,75855,FALSE,TRUE,TRUE,FALSE,TRUE,FALSE,FALSE,TRUE,FALSE,FALSE,FALSE,FALSE,FALSE,,,
2022-2023,ESD 189,29100,Burlington-Edison School District,3251,Lucille Umbarger Elementary School,COMPRSCH,75855,FALSE,TRUE,TRUE,FALSE,FALSE,FALSE,FALSE,FALSE,FALSE,FALSE,FALSE,FALSE,FALSE,,,
2022-2023,ESD 189,29100,Burlington-Edison School District,3603,Allen Elementary School,COMPRSCH,75855,FALSE,TRUE,TRUE,FALSE,FALSE,FALSE,FALSE,FALSE,FALSE,FALSE,FALSE,FALSE,FALSE,,,
2022-2023,ESD 189,29100,Burlington-Edison School District,1928,Burlington-Edison Alternative School,LOWGRADS,65275,TRUE,TRUE,TRUE,FALSE,FALSE,FALSE,FALSE,FALSE,FALSE,FALSE,FALSE,FALSE,FALSE,,,
2022-2023,ESD 189,29100,Burlington-Edison School District,2379,Edison Elementary School,Target3+,30000,FALSE,TRUE,TRUE,FALSE,FALSE,FALSE,FALSE,FALSE,FALSE,FALSE,FALSE,FALSE,FALSE,,,
2022-2023,ESD 189,29101,Sedro-Woolley School District,1537,State Street High School,COMPRSCH,75855,TRUE,TRUE,TRUE,FALSE,FALSE,FALSE,FALSE,FALSE,FALSE,FALSE,FALSE,FALSE,FALSE,,,
2022-2023,ESD 189,29311,La Conner School District,2522,La Conner Elementary School,Target3+,30000,FALSE,FALSE,TRUE,FALSE,TRUE,FALSE,FALSE,FALSE,FALSE,FALSE,FALSE,FALSE,FALSE,,,
2022-2023,ESD 189,29320,Mount Vernon School District,3821,La Venture Middle School,COMPRSCH,75855,FALSE,TRUE,TRUE,FALSE,FALSE,FALSE,FALSE,FALSE,FALSE,FALSE,FALSE,FALSE,FALSE,,,
2022-2023,ESD 112,30303,Stevenson-Carson School District,3800,Wind River Middle School,COMPRSCH,75855,TRUE,TRUE,TRUE,FALSE,FALSE,FALSE,FALSE,FALSE,FALSE,FALSE,FALSE,FALSE,FALSE,,,
2022-2023,ESD 189,31006,Mukilteo School District,4425,Voyager Middle School,Target3+,30000,FALSE,FALSE,TRUE,FALSE,TRUE,FALSE,FALSE,FALSE,FALSE,FALSE,FALSE,FALSE,FALSE,,,
2022-2023,ESD 189,31015,Edmonds School District,5358,Edmonds Career Access Program,COMPRSCH,75855,FALSE,TRUE,FALSE,FALSE,FALSE,TRUE,FALSE,FALSE,FALSE,FALSE,FALSE,FALSE,FALSE,,,
2022-2023,ESD 189,31015,Edmonds School District,3608,Oak Heights Elementary School,Target3+,30000,FALSE,TRUE,TRUE,FALSE,FALSE,TRUE,FALSE,TRUE,FALSE,FALSE,FALSE,FALSE,FALSE,,,
2022-2023,ESD 189,31016,Arlington School District,4287,Weston High School,COMPRSCH,75855,FALSE,TRUE,TRUE,TRUE,FALSE,FALSE,FALSE,FALSE,FALSE,FALSE,FALSE,FALSE,FALSE,,,
2022-2023,ESD 189,31016,Arlington School District,4154,Presidents Elementary School,Target3+,30000,FALSE,TRUE,FALSE,FALSE,FALSE,FALSE,FALSE,FALSE,FALSE,FALSE,FALSE,FALSE,FALSE,,,
2022-2023,ESD 189,31016,Arlington School District,4327,Eagle Creek Elementary School,TargetEL,30000,FALSE,TRUE,TRUE,FALSE,FALSE,FALSE,FALSE,FALSE,FALSE,FALSE,FALSE,FALSE,FALSE,,,
2022-2023,ESD 189,31016,Arlington School District,4436,Kent Prairie Elementary School,TargetEL,30000,FALSE,TRUE,FALSE,FALSE,FALSE,FALSE,FALSE,FALSE,FALSE,FALSE,FALSE,FALSE,FALSE,,,
2022-2023,ESD 189,31025,Marysville School District,5350,Quil Ceda Tulalip Elementary,COMPRSCH,75855,TRUE,TRUE,TRUE,FALSE,TRUE,FALSE,FALSE,FALSE,FALSE,FALSE,FALSE,FALSE,FALSE,,,
2022-2023,ESD 189,31025,Marysville School District,2813,Totem Middle School,COMPRSCH,75855,TRUE,TRUE,TRUE,FALSE,TRUE,FALSE,FALSE,TRUE,FALSE,FALSE,FALSE,FALSE,FALSE,,,
2022-2023,ESD 189,31025,Marysville School District,1657,Heritage School,COMPRSCH,75855,TRUE,TRUE,TRUE,TRUE,FALSE,FALSE,FALSE,FALSE,FALSE,FALSE,FALSE,FALSE,FALSE,,,
2022-2023,ESD 189,31025,Marysville School District,4150,Marshall Elementary School,Target3+,30000,TRUE,TRUE,FALSE,FALSE,TRUE,TRUE,FALSE,FALSE,FALSE,FALSE,FALSE,FALSE,FALSE,,,
2022-2023,ESD 189,31025,Marysville School District,3964,Liberty Elementary School,Target3+,30000,TRUE,TRUE,TRUE,FALSE,TRUE,FALSE,FALSE,FALSE,FALSE,FALSE,FALSE,FALSE,FALSE,,,
2022-2023,ESD 189,31311,Sultan School District,2105,Sultan Middle School,Target3+,30000,FALSE,TRUE,TRUE,FALSE,FALSE,FALSE,FALSE,TRUE,FALSE,FALSE,FALSE,FALSE,FALSE,,,
2022-2023,ESD 189,31311,Sultan School District,4399,Gold Bar Elementary School,TargetEL,30000,FALSE,TRUE,TRUE,FALSE,FALSE,FALSE,FALSE,FALSE,FALSE,FALSE,FALSE,FALSE,FALSE,,,
2022-2023,ESD 189,31332,Granite Falls School District,4479,Monte Cristo Elementary School,Target3+,30000,FALSE,FALSE,TRUE,FALSE,FALSE,FALSE,FALSE,FALSE,FALSE,FALSE,FALSE,FALSE,FALSE,,,
2022-2023,ESD 189,31401,Stanwood-Camano School District,5108,Lincoln Academy School,COMPRSCH,75855,FALSE,TRUE,FALSE,FALSE,FALSE,FALSE,FALSE,FALSE,FALSE,FALSE,FALSE,FALSE,FALSE,,,
2022-2023,ESD 101,32081,Spokane School District,2108,Stevens Elementary School,COMPRSCH,75855,FALSE,TRUE,TRUE,TRUE,TRUE,FALSE,FALSE,FALSE,FALSE,FALSE,FALSE,FALSE,FALSE,,,
2022-2023,ESD 101,32081,Spokane School District,3257,Shaw Middle School,COMPRSCH,75855,FALSE,TRUE,TRUE,TRUE,FALSE,FALSE,FALSE,FALSE,FALSE,FALSE,FALSE,FALSE,FALSE,,,
2022-2023,ESD 101,32081,Spokane School District,3729,Grant Elementary School,COMPRSCH,75855,FALSE,TRUE,TRUE,FALSE,FALSE,FALSE,FALSE,FALSE,FALSE,FALSE,FALSE,FALSE,FALSE,,,
2022-2023,ESD 101,32081,Spokane School District,1567,Pratt Academy,COMPRSCH,75855,TRUE,TRUE,TRUE,TRUE,FALSE,FALSE,FALSE,FALSE,FALSE,FALSE,FALSE,FALSE,FALSE,,,
2022-2023,ESD 101,32081,Spokane School District,3718,Longfellow Elementary School,Target3+,30000,FALSE,TRUE,TRUE,TRUE,FALSE,FALSE,FALSE,FALSE,FALSE,FALSE,FALSE,FALSE,FALSE,,,
2022-2023,ESD 101,32081,Spokane School District,3758,Garry Middle School,Target3+,45000,FALSE,TRUE,TRUE,TRUE,FALSE,FALSE,FALSE,FALSE,FALSE,FALSE,FALSE,FALSE,FALSE,,,
2022-2023,ESD 101,32356,Central Valley School District,2892,Broadway Elementary School,Target3+,30000,FALSE,TRUE,TRUE,TRUE,FALSE,FALSE,FALSE,FALSE,FALSE,FALSE,FALSE,FALSE,FALSE,,,
2022-2023,ESD 101,32360,Cheney School District,2954,Betz Elementary School,Target3+,30000,FALSE,TRUE,FALSE,FALSE,FALSE,FALSE,FALSE,FALSE,FALSE,FALSE,FALSE,FALSE,FALSE,,,
2022-2023,ESD 101,32360,Cheney School District,3761,Salnave Elementary School,Target3+,30000,FALSE,TRUE,FALSE,FALSE,FALSE,FALSE,FALSE,FALSE,FALSE,FALSE,FALSE,FALSE,FALSE,,,
2022-2023,ESD 101,32363,West Valley School District (Spokane),1628,Dishman Hills High School,LOWGRADS,65275,FALSE,TRUE,TRUE,TRUE,FALSE,FALSE,FALSE,FALSE,FALSE,FALSE,FALSE,FALSE,FALSE,,,
2022-2023,ESD 101,33049,Wellpinit School District,2549,Wellpinit Elementary School,COMPRSCH,75855,FALSE,TRUE,TRUE,FALSE,FALSE,FALSE,FALSE,FALSE,FALSE,FALSE,FALSE,FALSE,FALSE,,,
2022-2023,ESD 101,33207,Mary Walker School District,2297,Springdale Elementary School,COMPRSCH,75855,FALSE,TRUE,TRUE,FALSE,FALSE,FALSE,FALSE,TRUE,FALSE,FALSE,FALSE,FALSE,FALSE,,,
2022-2023,ESD 113,34002,Yelm School District,3848,Southworth Elementary School,Target3+,30000,FALSE,TRUE,TRUE,FALSE,FALSE,FALSE,FALSE,FALSE,FALSE,FALSE,FALSE,FALSE,FALSE,,,
2022-2023,ESD 113,34003,North Thurston Public Schools,3611,Nisqually Middle School,Target3+,30000,FALSE,TRUE,FALSE,FALSE,FALSE,FALSE,FALSE,FALSE,FALSE,FALSE,FALSE,FALSE,FALSE,,,
2022-2023,ESD 113,34801,Capital Region ESD 113,5305,GRAVITY Learning Center,COMPRSCH,75885,FALSE,FALSE,FALSE,FALSE,FALSE,FALSE,FALSE,FALSE,FALSE,FALSE,FALSE,FALSE,TRUE,,,
2022-2023,ESD 123,36140,Walla Walla Public Schools,4071,Lincoln High School,LOWGRADS,65275,FALSE,TRUE,TRUE,FALSE,FALSE,FALSE,FALSE,FALSE,FALSE,FALSE,FALSE,FALSE,FALSE,,,
2022-2023,ESD 123,36400,Columbia (Walla Walla) School District,3012,Columbia Middle School,Target3+,30000,FALSE,TRUE,TRUE,FALSE,FALSE,FALSE,FALSE,FALSE,FALSE,FALSE,FALSE,FALSE,FALSE,,,
2022-2023,ESD 123,36402,Prescott School District,3574,Prescott Elementary School,COMPRSCH,75855,FALSE,TRUE,FALSE,FALSE,FALSE,FALSE,FALSE,FALSE,FALSE,FALSE,FALSE,FALSE,FALSE,,,
2022-2023,ESD 189,37501,Bellingham School District,3201,Shuksan Middle School,Target3+,30000,TRUE,TRUE,TRUE,FALSE,FALSE,FALSE,FALSE,FALSE,FALSE,FALSE,FALSE,FALSE,FALSE,,,
2022-2023,ESD 189,37501,Bellingham School District,2431,Birchwood Elementary School,TargetEL,30000,TRUE,TRUE,TRUE,FALSE,FALSE,FALSE,FALSE,FALSE,FALSE,FALSE,FALSE,FALSE,FALSE,,,
2022-2023,ESD 189,37502,Ferndale School District,4482,Eagleridge Elementary School,COMPRSCH,75855,FALSE,TRUE,TRUE,FALSE,FALSE,FALSE,FALSE,FALSE,FALSE,FALSE,FALSE,TRUE,FALSE,,,
2022-2023,ESD 189,37504,Lynden School District,3417,Fisher Elementary School,Target3+,30000,FALSE,TRUE,FALSE,FALSE,FALSE,FALSE,FALSE,FALSE,FALSE,FALSE,FALSE,FALSE,FALSE,,,
2022-2023,ESD 105,39007,Yakima School District,2899,McClure Elementary School,COMPRSCH,75855,FALSE,TRUE,TRUE,FALSE,FALSE,FALSE,FALSE,FALSE,FALSE,FALSE,FALSE,FALSE,FALSE,,,
2022-2023,ESD 105,39007,Yakima School District,4093,Stanton Academy,COMPRSCH,75855,TRUE,TRUE,TRUE,FALSE,FALSE,TRUE,FALSE,FALSE,FALSE,FALSE,FALSE,TRUE,FALSE,,,
2022-2023,ESD 105,39007,Yakima School District,2592,Adams Elementary School,COMPRSCH,75855,FALSE,TRUE,TRUE,FALSE,FALSE,FALSE,FALSE,FALSE,FALSE,FALSE,FALSE,FALSE,FALSE,,,
2022-2023,ESD 105,39007,Yakima School District,3615,Lewis & Clark Middle School,COMPRSCH,75855,FALSE,TRUE,TRUE,FALSE,FALSE,FALSE,FALSE,FALSE,FALSE,FALSE,FALSE,FALSE,FALSE,,,
2022-2023,ESD 105,39007,Yakima School District,5153,Yakima Online,LOWGRADS,65275,FALSE,TRUE,TRUE,FALSE,FALSE,FALSE,FALSE,FALSE,FALSE,FALSE,FALSE,FALSE,FALSE,,,
2022-2023,ESD 105,39007,Yakima School District,2819,Nob Hill Elementary School,Target3+,30000,FALSE,TRUE,FALSE,FALSE,FALSE,FALSE,FALSE,FALSE,FALSE,FALSE,FALSE,FALSE,FALSE,,,
2022-2023,ESD 105,39007,Yakima School District,2314,Washington Middle School,Target3+,30000,FALSE,TRUE,TRUE,FALSE,FALSE,FALSE,FALSE,FALSE,FALSE,FALSE,FALSE,FALSE,FALSE,,,
2022-2023,ESD 105,39007,Yakima School District,3206,Eisenhower High School,TargetEL,30000,FALSE,TRUE,TRUE,FALSE,FALSE,FALSE,FALSE,FALSE,FALSE,FALSE,FALSE,FALSE,FALSE,,,
2022-2023,ESD 105,39120,Mabton School District,3070,Artz Fox Elementary School,COMPRSCH,75855,TRUE,TRUE,TRUE,FALSE,FALSE,FALSE,FALSE,FALSE,FALSE,FALSE,FALSE,FALSE,FALSE,,,
2022-2023,ESD 105,39200,Grandview School District,3013,Smith Elementary School,COMPRSCH,75855,TRUE,TRUE,TRUE,FALSE,FALSE,TRUE,FALSE,FALSE,FALSE,FALSE,FALSE,FALSE,FALSE,,,
2022-2023,ESD 105,39200,Grandview School District,1776,Contract Learning Center,LOWGRADS,65275,TRUE,TRUE,FALSE,FALSE,FALSE,FALSE,FALSE,FALSE,FALSE,FALSE,FALSE,FALSE,FALSE,,,
2022-2023,ESD 105,39201,Sunnyside School District,4000,Chief Kamiakin Elementary School,COMPRSCH,75855,FALSE,TRUE,TRUE,TRUE,TRUE,FALSE,FALSE,FALSE,FALSE,FALSE,FALSE,FALSE,FALSE,,,
2022-2023,ESD 105,39202,Toppenish School District,2264,Toppenish Middle School,COMPRSCH,75855,FALSE,TRUE,TRUE,FALSE,FALSE,FALSE,FALSE,FALSE,FALSE,FALSE,FALSE,FALSE,FALSE,,,
2022-2023,ESD 105,39202,Toppenish School District,2635,Lincoln Elementary School,COMPRSCH,75855,FALSE,TRUE,TRUE,TRUE,FALSE,FALSE,FALSE,FALSE,FALSE,FALSE,FALSE,FALSE,FALSE,,,
2022-2023,ESD 105,39202,Toppenish School District,1508,Computer Academy Toppenish High School,COMPRSCH,75855,FALSE,TRUE,TRUE,FALSE,FALSE,FALSE,FALSE,FALSE,FALSE,FALSE,FALSE,FALSE,FALSE,,,
2022-2023,ESD 105,39202,Toppenish School District,4106,Kirkwood Elementary School,COMPRSCH,75855,FALSE,TRUE,TRUE,TRUE,FALSE,FALSE,FALSE,FALSE,FALSE,FALSE,FALSE,FALSE,FALSE,,,
2022-2023,ESD 105,39204,Granger School District,3314,Granger High School,TargetEL,30000,FALSE,FALSE,TRUE,FALSE,FALSE,FALSE,FALSE,FALSE,FALSE,FALSE,FALSE,FALSE,FALSE,,,
2022-2023,ESD 105,39207,Wapato School District,4518,Adams Elementary School,COMPRSCH,75855,FALSE,TRUE,TRUE,TRUE,FALSE,TRUE,FALSE,FALSE,FALSE,FALSE,FALSE,FALSE,FALSE,,,
2022-2023,ESD 105,39207,Wapato School District,5544,Camas Elementary School,COMPRSCH,75855,TRUE,TRUE,TRUE,FALSE,FALSE,TRUE,FALSE,FALSE,FALSE,FALSE,FALSE,FALSE,FALSE,,,
2022-2023,ESD 105,39207,Wapato School District,2131,Wapato Middle School,COMPRSCH,75855,FALSE,TRUE,TRUE,FALSE,FALSE,FALSE,FALSE,FALSE,FALSE,FALSE,FALSE,FALSE,FALSE,,,
2022-2023,ESD 105,39207,Wapato School District,4022,Pace Alternative High School,COMPRSCH,75855,FALSE,TRUE,TRUE,FALSE,FALSE,FALSE,FALSE,FALSE,FALSE,FALSE,FALSE,FALSE,FALSE,,,
2022-2023,ESD 105,39207,Wapato School District,3141,Wapato High School,TargetEL,30000,FALSE,TRUE,TRUE,FALSE,FALSE,FALSE,FALSE,FALSE,FALSE,FALSE,FALSE,FALSE,FALSE,,,
2022-2023,ESD 105,39209,Mount Adams School District,2506,Harrah Elementary School,COMPRSCH,75855,FALSE,TRUE,FALSE,FALSE,FALSE,FALSE,FALSE,FALSE,FALSE,FALSE,FALSE,FALSE,FALSE,,,
2022-2023,ESD 105,39209,Mount Adams School District,2389,Mount Adams Middle School,TargetEL,30000,FALSE,TRUE,FALSE,FALSE,FALSE,FALSE,FALSE,FALSE,FALSE,FALSE,FALSE,FALSE,FALSE,,,
